"CANDIDATE NAMESEXAGE CATEGORYPARTYPOSTALTOTALGENERALVALID VOTES POLLEDElection Commission of India- State Election, 2011 to the Legislative Assembly Of  KeralaDETAILED RESULTS% VOTES POLLEDMANJESHWAR1.ConstituencyTOTAL ELECTORS : 176817 P B ABDUL RAZAKM 55 GENMUL 22  49817  49795  37.46  1K SURENDRANM 41 GENBJP 58  43989  43931  33.08  2ADV. C H KUNHAMBUM 51 GENCPM 53  35067  35014  26.37  3HAFSA MUNEERF 34 GENIND 0  1076  1076  0.81  4ABDUL MAJEEDM 40 GENBSP 0  869  869  0.65  5ABDULLA TIMBERM 54 GENIND 0  547  547  0.41  6KUNHAMBUM 55 GENIND 0  490  490  0.37  7ABDUL RAZAK KM 31 GENIND 0  465  465  0.35  8ABBAS MM 25 GENIND 0  391  391  0.29  9ABDULLA P MM 46 GENIND 0  262  262  0.20  10 133  132973 TOTAL: 132840 TURNOUT 75.20KASARAGOD2.ConstituencyTOTAL ELECTORS : 159289 N.A.NELLIKKUNNUM 57 GENMUL 35  53068  53033  45.35  1JAYALAKSHMI N BHATF 53 GENBJP 107  43330  43223  37.02  2AZEEZ KADAPPURAMM 44 GENINL 30  16467  16437  14.07  3A H MUNEERM 34 GENSDPI 1  1260  1259  1.08  4GOVINDA RAJA KUNTIKKANAMATAM 33 GENIND 1  938  937  0.80  5SAIFUDEEN K MAKKODUM 48 GENBSP 0  807  807  0.69  6AJITH KUMAR AZADM 36 GENIND 1  739  738  0.63  7ABDULLAM 35 GENIND 0  422  422  0.36  8 175  117031 TOTAL: 116856 TURNOUT 73.47UDMA3.ConstituencyTOTAL ELECTORS : 173459 K.KUNHIRAMANM 62 GENCPM 189  61646  61457  47.93  1ADV. C K SREEDHARANM 66 GENINC 106  50266  50160  39.08  2SUNITHA PRASANTHF 33 GENBJP 17  13073  13056  10.16  3FAISAL KOLIYADUKKAMM 31 GENSDPI 0  1265  1265  0.98  4P DAMODARANM 37 STBSP 1  1096  1095  0.85  5KRISHNANKUTTYM 36 STIND 0  866  866  0.67  6KUNHIRAMANM 49 GENIND 0  414  414  0.32  7 313  128626 TOTAL: 128313 TURNOUT 74.15KANHANGAD4.ConstituencyTOTAL ELECTORS : 178139 E.CHANDRASHEKHARANM 63 GENCPI 242  66640  66398  47.65  1Page 157 of 195"
"CANDIDATE NAMESEXAGE CATEGORYPARTYPOSTALTOTALGENERALVALID VOTES POLLEDElection Commission of India- State Election, 2011 to the Legislative Assembly Of  KeralaDETAILED RESULTS% VOTES POLLEDADV.M C JOSEM 63 GENINC 148  54462  54314  38.95  2MADIKAI KAMMARANM 72 GENBJP 29  15543  15514  11.11  3P M JOSEPHM 51 GENIND 0  1919  1919  1.37  4GOPALAN KM 72 SCBSP 6  1277  1271  0.91  5 425  139841 TOTAL: 139416 TURNOUT 78.50TRIKARIPUR5.ConstituencyTOTAL ELECTORS : 169395 K KUNHIRAMANM 67 GENCPM 599  67871  67272  49.91  1K.V.GANGADHARANM 63 GENINC 255  59106  58851  43.46  2T.RADHAKRISHNANM 49 GENBJP 15  5450  5435  4.01  3RAZAK HAJI PARAMBATHM 44 GENSDPI 1  1741  1740  1.28  4ARUN KUMARM 44 SCBSP 1  1031  1030  0.76  5K.K.DILEEP KUMARM 40 SCIND 0  789  789  0.58  6 871  135988 TOTAL: 135117 TURNOUT 80.28PAYYANNUR6.ConstituencyTOTAL ELECTORS : 158613 C.KRISHNANM 62 GENCPM 721  78116  77395  59.78  1ADV. K. BRIJESH KUMARM 32 GENINC 223  45992  45769  35.20  2C.K.RAMESAN MASTERM 40 GENBJP 18  5019  5001  3.84  3GEETHAF 44 GENBSP 3  625  622  0.48  4T.P.PADMANABHANM 49 GENIND 3  536  533  0.41  5KOTTAYODI  VISWANATHANM 57 GENSHS 0  378  378  0.29  6 968  130666 TOTAL: 129698 TURNOUT 82.38KALLIASSERI7.ConstituencyTOTAL ELECTORS : 157384 T.V. RAJESHM 37 GENCPM 444  73190  72746  58.62  1ADV. P. INDIRAF 40 GENINC 135  43244  43109  34.64  2ADV. SREEKANTH RAVI VARMAM 43 GENBJP 10  5499  5489  4.40  3A.P. MAHAMOODM 28 GENSDPI 0  2281  2281  1.83  4K. GOPALAKRISHNANM 64 SCBSP 2  640  638  0.51  5 591  124854 TOTAL: 124263 TURNOUT 79.33TALIPARAMBA8.ConstituencyTOTAL ELECTORS : 174788 JAMES MATHEWM 50 GENCPM 548  81031  80483  56.13  1ADV JOB MICHELM 45 GENKEC(M) 224  53170  52946  36.83  2K.JAYAPRAKASHM 54 GENBJP 30  6492  6462  4.50  3Page 158 of 195"
"CANDIDATE NAMESEXAGE CATEGORYPARTYPOSTALTOTALGENERALVALID VOTES POLLEDElection Commission of India- State Election, 2011 to the Legislative Assembly Of  KeralaDETAILED RESULTS% VOTES POLLEDMUHAMMEDALI.S.PM 36 GENSDPI 0  1930  1930  1.34  4NIDHEESH THILLANKERIM 35 GENBSP 4  927  923  0.64  5THOMAS.M.VM 30 GENIND 0  813  813  0.56  6 806  144363 TOTAL: 143557 TURNOUT 82.59IRIKKUR9.ConstituencyTOTAL ELECTORS : 169262 K. C. JOSEPHM 64 GENINC 259  68503  68244  52.41  1ADV. P. SANTHOSH KUMARM 39 GENCPI 338  56746  56408  43.42  2M. G. RAMAKRISHNAN NAIRM 63 GENBJP 11  3529  3518  2.70  3JOSEPHM 58 GENIND 0  740  740  0.57  4AMMINI KRISHNANF 43 STIND 0  633  633  0.48  5BIJU THOMASM 32 GENBSP 1  552  551  0.42  6 609  130703 TOTAL: 130094 TURNOUT 77.22AZHIKODE10.ConstituencyTOTAL ELECTORS : 147782 K.M.SHAJIM 39 GENMUL 195  55077  54882  45.21  1M.PRAKASHAN MASTERM 51 GENCPM 399  54584  54185  44.80  2M.K.SASEENDRAN MASTERM 60 GENBJP 17  7540  7523  6.19  3NOUSHAD PUNNAKKALM 41 GENIND 0  2935  2935  2.41  4SHAJI.K.M.M 39 GENIND 0  602  602  0.49  5C.BALAKRISHNANM 54 SCBSP 2  458  456  0.38  6PAUL T SAMUELM 32 GENSUCI 1  414  413  0.34  7PRAKASHAN KUZHIPARAMBILM 46 GENIND 0  222  222  0.18  8 614  121832 TOTAL: 121218 TURNOUT 82.44KANNUR11.ConstituencyTOTAL ELECTORS : 143828 A.P ABDULLAKUTTYM 43 GENINC 281  55427  55146  48.89  1RAMACHANDRAN KADANNAPPALLIM 53 GENIND 419  48984  48565  43.21  2U.T.JAYANDANM 60 GENBJP 15  4568  4553  4.03  3ADV.P.C.NOUSHADM 37 GENSDPI 2  2538  2536  2.24  4M.P.ABDULLAKUTTYM 51 GENIND 0  1100  1100  0.97  5K.SUDHAKARANM 36 GENIND 1  517  516  0.46  6S.NOORUDHEENM 52 GENBSP 3  226  223  0.20  7 721  113360 TOTAL: 112639 TURNOUT 78.82DHARMADAM12.ConstituencyTOTAL ELECTORS : 163674 Page 159 of 195"
"CANDIDATE NAMESEXAGE CATEGORYPARTYPOSTALTOTALGENERALVALID VOTES POLLEDElection Commission of India- State Election, 2011 to the Legislative Assembly Of  KeralaDETAILED RESULTS% VOTES POLLEDK.K. NARAYANANM 63 GENCPM 559  72354  71795  53.13  1MAMBARAM DIVAKARANM 58 GENIND 322  57192  56870  42.00  2C.P.SANGEETHAF 37 GENBJP 17  4963  4946  3.64  3POYILORE KUNNUMBROM DIVAKARANM 46 GENIND 0  871  871  0.64  4MADHU.S.VAYANANM 55 GENBSP 0  797  797  0.59  5 898  136177 TOTAL: 135279 TURNOUT 83.20THALASSERY13.ConstituencyTOTAL ELECTORS : 149689 KODIYERI BALAKRISHNANM 57 GENCPM 342  66870  66528  56.78  1RIJIL MAKKUTTYM 28 GENINC 141  40361  40220  34.27  2ADV. V. RATHNAKARANM 46 GENBJP 23  6973  6950  5.92  3A.C JALALUDDINM 48 GENSDPI 0  2068  2068  1.76  4K.RAGHUNATHM 41 GENBSP 0  674  674  0.57  5RIJIL MULIYILM 31 GENIND 0  539  539  0.46  6BALAKRISHNANM 40 GENIND 0  278  278  0.24  7 506  117763 TOTAL: 117257 TURNOUT 78.67KUTHUPARAMBA14.ConstituencyTOTAL ELECTORS : 160335 K.P.MOHANAN S/O P R KURUPM 61 GENSJD 154  57164  57010  44.68  1S A PUTHIYA VALAPPILM 64 GENIND 306  53861  53555  42.10  2O.K.VASU MASTERM 59 GENBJP 4  11835  11831  9.25  3K.P. MOHANAN S/O KUNHIKANNANM 51 GENIND 0  1982  1982  1.55  4S POOVALAPPILM 61 GENIND 0  1199  1199  0.94  5K.P. MOHANAN S/O NANUM 48 GENIND 0  1130  1130  0.88  6SULAIM T.BM 31 GENIND 0  758  758  0.59  7 464  127929 TOTAL: 127465 TURNOUT 79.79MATTANNUR15.ConstituencyTOTAL ELECTORS : 160711 E.P.JAYARAJANM 60 GENCPM 436  75177  74741  56.55  1JOSEPH CHAAVARAM 50 GENSJD 185  44665  44480  33.60  2BIJU ELAKKUZHIM 32 GENBJP 18  8707  8689  6.55  3ADV.K.C.MUHAMMAD SABEERM 38 GENSDPI 0  2757  2757  2.07  4JOSEPHM 43 GENIND 0  858  858  0.65  5HAMEEDM 35 GENBSP 2  783  781  0.59  6Page 160 of 195"
"CANDIDATE NAMESEXAGE CATEGORYPARTYPOSTALTOTALGENERALVALID VOTES POLLEDElection Commission of India- State Election, 2011 to the Legislative Assembly Of  KeralaDETAILED RESULTS% VOTES POLLED 641  132947 TOTAL: 132306 TURNOUT 82.72PERAVOOR16.ConstituencyTOTAL ELECTORS : 145983 ADV.SUNNY JOSEPHM 58 GENINC 257  56151  55894  48.07  1K.K.SHAILAJA TEACHERF 54 GENCPM 232  52711  52479  45.12  2P.K.VELAYUDHAN.M 57 SCBJP 10  4055  4045  3.47  3P.K. AYYAPPAN MASTER.M 59 GENSDPI 0  1537  1537  1.32  4SUNNY JOSEPHM 39 GENIND 0  903  903  0.77  5A.SHYLAJAF 37 GENIND 0  565  565  0.48  6RAGHAVANM 52 STBSP 0  526  526  0.45  7RADHAMANI NARAYANA KUMARF 50 GENIND 0  365  365  0.31  8 499  116813 TOTAL: 116314 TURNOUT 80.02MANANTHAVADY  (ST)17.ConstituencyTOTAL ELECTORS : 167097 P.K.JAYALAKSHMIF 28 STINC 152  62996  62844  50.78  1K.C.KUNHIRAMANM 51 STCPM 203  50262  50059  40.52  2IRUMUTTOOR KUNHAMANM 60 STBJP 5  5732  5727  4.62  3A. GOPAKUMARM 45 STSDPI 1  2342  2341  1.89  4P.U BABUM 29 STIND 0  1712  1712  1.38  5ANNAN- MADAKKIMALAM 54 STBSP 0  1008  1008  0.81  6 361  124052 TOTAL: 123691 TURNOUT 74.24SULTHANBATHERY  (ST)18.ConstituencyTOTAL ELECTORS : 198645 I.C BALAKRISHNANM 36 STINC 92  71509  71417  49.14  1E.A .SANKARANM 36 STCPM 306  63926  63620  43.93  2PALLIYARA RAMANM 66 STBJP 11  8829  8818  6.07  3MUKUNDAN CHEENGERIM 67 STBSP 0  1248  1248  0.86  4 409  145512 TOTAL: 145103 TURNOUT 73.25KALPETTA19.ConstituencyTOTAL ELECTORS : 170245 M.V SREYAMSKUMARM 44 GENSJD 147  67018  66871  52.94  1P.A MUHAMMEDM 72 GENCPM 216  48849  48633  38.59  2ANAND KUMAR.P.GM 44 GENBJP 5  6580  6575  5.20  3JAMEELAF 44 GENSDPI 1  1597  1596  1.26  4K. NASEERUDHEENM 32 GENIND 0  1197  1197  0.95  5CLEATUSM 55 GENIND 2  760  758  0.60  6Page 161 of 195"
"CANDIDATE NAMESEXAGE CATEGORYPARTYPOSTALTOTALGENERALVALID VOTES POLLEDElection Commission of India- State Election, 2011 to the Legislative Assembly Of  KeralaDETAILED RESULTS% VOTES POLLEDMUJEEB RAHMAN ANJUKUNNUM 34 GENBSP 1  583  582  0.46  7 372  126584 TOTAL: 126212 TURNOUT 74.35VADAKARA20.ConstituencyTOTAL ELECTORS : 141564 C.K.NANUM 79 GENJD(S) 361  46912  46551  41.05  1ADV.M.K. PREMNATHM 59 GENSJD 183  46065  45882  40.31  2N.VENUM 46 GENIND 34  10098  10064  8.84  3M.P.RAJANM 49 GENBJP 11  6909  6898  6.05  4SAALIM AZHIYURM 29 GENSDPI 1  3488  3487  3.05  5V.K.PREMANATHANM 57 GENIND 1  795  794  0.70  6 591  114267 TOTAL: 113676 TURNOUT 80.72KUTTIADI21.ConstituencyTOTAL ELECTORS : 162389 K.K.LATHIKAF 49 GENCPM 642  70258  69616  49.32  1SOOPI NARIKKATTERIM 49 GENMUL 448  63286  62838  44.43  2V.K.SAJEEVANM 35 GENBJP 21  6272  6251  4.40  3ABDUL RAHEEM MASTERM 38 GENSDPI 3  1045  1042  0.73  4M.SATHIF 47 SCBSP 0  407  407  0.29  5SOOPI THODUVAYIL VALAPPIL MEETHALM 42 GENIND 0  333  333  0.23  6LATHIKA VALIYAKULANGARA KUNIYILF 36 GENIND 0  247  247  0.17  7SOOPI ALAKKATTM 69 GENIND 0  209  209  0.15  8LATHIKA NIDUMANALKUNIF 41 GENIND 0  207  207  0.15  9M.K.RAJAN,M 49 GENSUCI 0  189  189  0.13  10 1114  142453 TOTAL: 141339 TURNOUT 87.72NADAPURAM22.ConstituencyTOTAL ELECTORS : 177993 E.K.VIJAYANM 58 GENCPI 287  72078  71791  49.22  1V.M.CHANDRANM 49 GENINC 303  64532  64229  44.07  2ADV.PRAKASH BABUM 31 GENBJP 5  6058  6053  4.14  3ISMAIL KAMMANAM 39 GENSDPI 0  1865  1865  1.27  4CHANDRANM 41 GENIND 0  745  745  0.51  5C.K VIJAYANM 45 GENIND 0  708  708  0.48  6K.P.VIJAYANM 37 GENIND 0  444  444  0.30  7 595  146430 TOTAL: 145835 TURNOUT 82.27Page 162 of 195"
"CANDIDATE NAMESEXAGE CATEGORYPARTYPOSTALTOTALGENERALVALID VOTES POLLEDElection Commission of India- State Election, 2011 to the Legislative Assembly Of  KeralaDETAILED RESULTS% VOTES POLLEDQUILANDY23.ConstituencyTOTAL ELECTORS : 166632 K.DASANM 58 GENCPM 591  64374  63783  47.20  1AD.K.P.ANIL KUMARM 42 GENINC 320  60235  59915  44.16  2T.P.JAYACHANDRAN MASTERM 49 GENBJP 19  8086  8067  5.93  3C.MUNEERM 34 GENIND 0  985  985  0.72  4RASHID,P.TM 33 GENSDPI 0  985  985  0.72  5K.P.ANILKUMARM 49 GENIND 0  520  520  0.38  6K.V.KRISHNAN,KODUVAYALM 48 GENBSP 0  466  466  0.34  7DASAN M.KM 47 GENIND 0  418  418  0.31  8DASAN,V.KM 53 GENIND 0  325  325  0.24  9 930  136394 TOTAL: 135464 TURNOUT 81.85PERAMBRA24.ConstituencyTOTAL ELECTORS : 159699 K. KUNHAMMAD MASTERM 61 GENCPM 809  70248  69439  51.91  1ADV. MOHAMMED IKBALM 42 GENKEC(M) 444  54979  54535  40.62  2P.CHANDRIKA TEACHERF 58 GENBJP 13  7214  7201  5.33  3T.K.KUNHAMMAD FAISYM 43 GENSDPI 3  1494  1491  1.10  4AKHILKUMARM 25 SCIND 1  801  800  0.59  5K.K.VASUM 55 SCBSP 0  598  598  0.44  6 1270  135334 TOTAL: 134064 TURNOUT 84.74BALUSSERI  (SC)25.ConstituencyTOTAL ELECTORS : 185109 PURUSHAN KADALUNDIM 62 SCCPM 628  74259  73631  49.18  1A. BALARAMM 70 SCINC 525  65377  64852  43.29  2ADV.T.K.RAMANM 69 SCBJP 17  9304  9287  6.16  3BHADRAN.M.PM 47 SCSDPI 0  1404  1404  0.93  4K.K.SATHEESHM 38 SCBSP 1  660  659  0.44  5 1171  151004 TOTAL: 149833 TURNOUT 81.58ELATHUR26.ConstituencyTOTAL ELECTORS : 162830 A.K. SASEENDRANM 64 GENNCP 553  67143  66590  50.14  1SHAIK P HARRIZM 45 GENSJD 484  52489  52005  39.20  2V V RAJANM 54 GENBJP 42  11901  11859  8.89  3A SASINDRANM 54 GENIND 2  1402  1400  1.05  4RAMESH NANMANDAM 41 SCBSP 1  971  970  0.73  5 1082  133906 TOTAL: 132824 TURNOUT 82.24Page 163 of 195"
"CANDIDATE NAMESEXAGE CATEGORYPARTYPOSTALTOTALGENERALVALID VOTES POLLEDElection Commission of India- State Election, 2011 to the Legislative Assembly Of  KeralaDETAILED RESULTS% VOTES POLLEDKOZHIKODE NORTH27.ConstituencyTOTAL ELECTORS : 150425 A. PRADEEP KUMARM 46 GENCPM 499  57123  56624  49.12  1P.V GANGADHARANM 67 GENINC 288  48125  47837  41.38  2P. REGHUNATHM 42 GENBJP 20  9894  9874  8.51  3PRADEEP KUMARM 48 GENIND 0  420  420  0.36  4GANGADHARANM 63 GENIND 1  367  366  0.32  5LOOKA JOSEPHM 58 GENBSP 0  229  229  0.20  6P.M SREEKUMARM 42 GENSUCI 0  142  142  0.12  7 808  116300 TOTAL: 115492 TURNOUT 77.31KOZHIKODE SOUTH28.ConstituencyTOTAL ELECTORS : 132780 DR. M.K. MUNEERM 48 GENMUL 125  47771  47646  46.08  1C.P. MUSAFER AHAMMEDM 39 GENCPM 176  46395  46219  44.75  2JAYA SADANANDANF 43 GENBJP 12  7512  7500  7.25  3FAIZ MOHAMMEDM 45 GENSDPI 2  749  747  0.72  4T.T. MUNEERM 39 GENIND 0  488  488  0.47  5MUSSAFAR AHAMMEDM 33 GENIND 0  433  433  0.42  6MUHAMMED ASHARAFM 51 GENBSP 1  323  322  0.31  7 316  103671 TOTAL: 103355 TURNOUT 78.08BEYPORE29.ConstituencyTOTAL ELECTORS : 164045 ELAMARAM KAREEMM 57 GENCPM 270  60550  60280  46.80  1ADAM MULSI .M.P.M 30 GENINC 173  55234  55061  42.69  2K.P.SREESANM 56 GENBJP 9  11040  11031  8.53  3MUHAMMED MUSTHAFAM 29 GENSDPI 2  954  952  0.74  4K.S.HARIHARANM 48 GENIND 2  564  562  0.44  5K.T.LATHAF 46 SCBSP 0  469  469  0.36  6ADAM MALIQUE .EM 36 GENIND 0  396  396  0.31  7ABDUL KAREEMM 40 GENIND 0  183  183  0.14  8 456  129390 TOTAL: 128934 TURNOUT 78.87KUNNAMANGALAM30.ConstituencyTOTAL ELECTORS : 178089 ADV.P.T.A.RAHIMM 62 GENIND 572  66169  65597  44.06  1U.C.RAMANM 45 SCIND 461  62900  62439  41.88  2C.K.PADMANABHANM 61 GENBJP 37  17123  17086  11.40  3C.MUHAMMED MASTERM 57 GENSDPI 1  1178  1177  0.78  4RAMAN.C.KM 54 SCIND 1  701  700  0.47  5Page 164 of 195"
"CANDIDATE NAMESEXAGE CATEGORYPARTYPOSTALTOTALGENERALVALID VOTES POLLEDElection Commission of India- State Election, 2011 to the Legislative Assembly Of  KeralaDETAILED RESULTS% VOTES POLLEDK.K.KUNHIKANARANM 64 GENIND 1  427  426  0.28  6E.P.ABDUL RAHEEMM 28 GENIND 0  421  421  0.28  7RAMAN.P.CM 71 STIND 0  404  404  0.27  8ABDU RAHEEM.M.TM 28 GENIND 0  325  325  0.22  9M.P.BABURAJM 47 GENSHS 0  303  303  0.20  10O.P.SUNDARANM 35 SCBSP 2  236  234  0.16  11 1075  150187 TOTAL: 149112 TURNOUT 84.33KODUVALLY31.ConstituencyTOTAL ELECTORS : 142384 V.M.UMMER MASTERM 54 GENMUL 360  60365  60005  53.03  1M.MEHABOOBM 51 GENCPM 324  43813  43489  38.49  2GIREESH THEVALLYM 42 GENBJP 11  6519  6508  5.73  3M.T.ABU HAJIM 50 GENSDPI 5  1688  1683  1.48  4ABOOBAKERM 51 GENBSP 0  496  496  0.44  5MEHABOOB KANICHADIKKUZHI VALEPARAMMELM 31 GENIND 0  324  324  0.28  6UMMERM 61 GENIND 0  313  313  0.27  7MEHABOOB ILLIKKATHODIM 30 GENIND 0  306  306  0.27  8 700  113824 TOTAL: 113124 TURNOUT 79.94THIRUVAMBADY32.ConstituencyTOTAL ELECTORS : 145763 C MOYINKUTTYM 67 GENMUL 281  56386  56105  48.71  1GEORGE M THOMASM 57 GENCPM 410  52553  52143  45.40  2JOSE KAPPATTMALAM 54 GENBJP 5  3894  3889  3.36  3C T ASHRAFM 38 GENSDPI 3  790  787  0.68  4K MOYINKUTTYM 42 GENIND 0  576  576  0.50  5GEORGE THOMASM 52 GENIND 2  574  572  0.50  6K P BASHEER HAJIM 54 GENIND 0  541  541  0.47  7GAFOOR PUTHUPPADYM 38 GENBSP 0  440  440  0.38  8 701  115754 TOTAL: 115053 TURNOUT 79.41KONDOTTY33.ConstituencyTOTAL ELECTORS : 158057 K MUHAMMEDUNNI HAJIM 67 GENMUL 292  67998  67706  56.82  1P C NAUSHADM 42 GENCPM 183  39849  39666  33.30  2DR KUMARI SUKUMARANF 61 GENBJP 5  6840  6835  5.72  3ABDU RAHIMAN P T (BAPPU)M 50 GENSDPI 7  2026  2019  1.69  4T K MAMMUNNI HAJIM 72 GENIND 0  1817  1817  1.52  5Page 165 of 195"
"CANDIDATE NAMESEXAGE CATEGORYPARTYPOSTALTOTALGENERALVALID VOTES POLLEDElection Commission of India- State Election, 2011 to the Legislative Assembly Of  KeralaDETAILED RESULTS% VOTES POLLEDE P MADHAVANM 60 SCBSP 1  730  729  0.61  6NOUSHAD PM 37 GENIND 0  415  415  0.35  7 488  119675 TOTAL: 119187 TURNOUT 75.72ERANAD34.ConstituencyTOTAL ELECTORS : 141833 P.K.BASHEERM 51 GENMUL 344  58698  58354  51.29  1ANVER.P.VM 43 GENIND 150  47452  47302  41.47  2K.P. BABURAJ MASTERM 46 GENBJP 10  3448  3438  3.01  3ASHRAFALI KALIYATHM 36 GENCPI 12  2700  2688  2.36  4P.P.SHOWKATHALIM 45 GENSDPI 7  2137  2130  1.87  5 523  114435 TOTAL: 113912 TURNOUT 80.68NILAMBUR35.ConstituencyTOTAL ELECTORS : 174945 ARYADAN MOHAMMEDM 75 GENINC 214  66331  66117  48.64  1PROFESSOR.M.THOMAS MATHEWM 55 GENIND 303  60733  60430  44.54  2K.C.VELAYUDHANM 48 GENBJP 2  4425  4423  3.25  3C.G.UNNIM 43 GENSDPI 0  2566  2566  1.88  4THARIYAN KILIYANM 62 SCBSP 0  1291  1291  0.95  5THOMAS MATHEWM 50 GENIND 0  1012  1012  0.74  6 519  136358 TOTAL: 135839 TURNOUT 77.94WANDOOR  (SC)36.ConstituencyTOTAL ELECTORS : 180715 A.P.ANILKUMARM 46 SCINC 186  77580  77394  58.50  1V. RAMESANM 39 SCCPM 105  48661  48556  36.69  2KOTHERI AYYAPPANM 53 SCBJP 3  2885  2882  2.18  3KRISHNAN ERANHIKKALM 38 SCSDPI 2  1682  1680  1.27  4P. ANILKUMARM 40 SCIND 0  953  953  0.72  5T.C.THEYYANM 59 SCIND 0  849  849  0.64  6 296  132610 TOTAL: 132314 TURNOUT 73.38MANJERI37.ConstituencyTOTAL ELECTORS : 164144 ADV.M.UMMERM 57 GENMUL 121  67594  67473  57.99  1PROF:P.GOURIF 59 GENCPI 102  38515  38413  33.05  2P.G.UPENDRANM 50 GENBJP 14  6319  6305  5.42  3JALEEL NEELAMBRAM 55 GENSDPI 4  2906  2902  2.49  4FEROZ BABU ISHTADANAMM 31 GENIND 0  653  653  0.56  5Page 166 of 195"
"CANDIDATE NAMESEXAGE CATEGORYPARTYPOSTALTOTALGENERALVALID VOTES POLLEDElection Commission of India- State Election, 2011 to the Legislative Assembly Of  KeralaDETAILED RESULTS% VOTES POLLEDSHAMSUDHEEN ASLAMIM 26 GENBSP 1  566  565  0.49  6 242  116553 TOTAL: 116311 TURNOUT 71.01PERINTHALMANNA38.ConstituencyTOTAL ELECTORS : 165042 MANJALAMKUZHI ALIM 58 GENMUL 196  69730  69534  52.14  1SASIKUMARM 49 GENCPM 345  60141  59796  44.97  2C.K .KUNHIMUHAMMEDM 54 GENBJP 4  1989  1985  1.49  3SAIDALIKKUTTY@SAEED MADANIM 45 GENSDPI 1  1067  1066  0.80  4MOHAMMED ALIM 56 GENIND 0  808  808  0.60  5 546  133735 TOTAL: 133189 TURNOUT 81.03MANKADA39.ConstituencyTOTAL ELECTORS : 164067 T.A.AHMED KABEERM 55 GENMUL 293  67756  67463  55.88  1KADEEJA SATHARF 44 GENCPM 227  44163  43936  36.42  2MANIKANDAN.KM 38 SCBJP 5  4387  4382  3.62  3DR.C.H.ASHRAFM 44 GENSDPI 8  3015  3007  2.49  4ANWAR BABUM 37 GENIND 1  1926  1925  1.59  5 534  121247 TOTAL: 120713 TURNOUT 73.90MALAPPURAM40.ConstituencyTOTAL ELECTORS : 167739 P. UBAIDULLAM 51 GENMUL 316  77928  77612  63.75  1MADATHIL SADIKALIM 40 GENJD(S) 130  33420  33290  27.34  2ADVOCATE: SADIK NADUTHODIM 41 GENSDPI 12  3968  3956  3.25  3K. VELAYUDHANM 59 GENBJP 3  3841  3838  3.14  4ABU THWAHIRM 30 GENIND 0  2179  2179  1.78  5POOKK ATTIL ALI HAJIM 56 GENIND 1  909  908  0.74  6 462  122245 TOTAL: 121783 TURNOUT 72.88VENGARA41.ConstituencyTOTAL ELECTORS : 144317 P.K.KUNHALIKUTTYM 59 GENMUL 100  63138  63038  63.44  1K.P.ISMAYILM 51 GENINL 45  24901  24856  25.02  2ABDUL MAJEED FAIZIM 40 GENSDPI 1  4683  4682  4.71  3SUBRAHMANIANM 40 SCBJP 0  3417  3417  3.43  4K.P.ISMAYIL(KALLUPARAMBAN)M 42 GENIND 0  1615  1615  1.62  5KUNHALIKUTTY.K.P.M 61 GENIND 0  1079  1079  1.08  6Page 167 of 195"
"CANDIDATE NAMESEXAGE CATEGORYPARTYPOSTALTOTALGENERALVALID VOTES POLLEDElection Commission of India- State Election, 2011 to the Legislative Assembly Of  KeralaDETAILED RESULTS% VOTES POLLEDSAFARUDEENM 36 GENBSP 0  405  405  0.41  7ISMAYIL.K.TM 34 GENIND 0  292  292  0.29  8 146  99530 TOTAL: 99384 TURNOUT 68.97VALLIKKUNNU42.ConstituencyTOTAL ELECTORS : 156307 ADV.K.N.A.KHADERM 61 GENMUL 227  57250  57023  50.53  1K.V. SANKARANARAYANANM 63 GENIND 285  39128  38843  34.53  2PREMAN MASTERM 47 GENBJP 40  11099  11059  9.80  3SALAM MOONNIYURM 33 GENPDP 0  2666  2666  2.35  4ABDUL LATHEEFM 55 GENSDPI 3  2571  2568  2.27  5NEELAKANTAN CHELARIM 50 SCBSP 0  590  590  0.52  6 555  113304 TOTAL: 112749 TURNOUT 72.49TIRURANGADI43.ConstituencyTOTAL ELECTORS : 152896 P.K.ABDU RABBM 62 GENMUL 108  58666  58558  58.48  1ADV.K.K.ABDU SAMADM 30 GENCPI 44  28458  28414  28.37  2SASIDHARAN PUNNASSERYM 52 GENBJP 0  5480  5480  5.46  3IBRAHIM THIRURANGADIM 40 GENPDP 0  4281  4281  4.27  4ADV.A.A.RAHIMM 36 GENSDPI 0  2945  2945  2.94  5ABUYAZARM 33 GENBSP 1  493  492  0.49  6 153  100323 TOTAL: 100170 TURNOUT 65.62TANUR44.ConstituencyTOTAL ELECTORS : 133276 ABDURAHIMAN RANDATHANIM 50 GENMUL 58  51549  51491  49.52  1E.JAYANM 40 GENCPM 99  42116  42017  40.45  2RAVI THELATHM 33 GENBJP 5  7304  7299  7.02  3K.K.MAJEED KHASIMIM 37 GENSDPI 0  3137  3137  3.01  4 162  104106 TOTAL: 103944 TURNOUT 78.11TIRUR45.ConstituencyTOTAL ELECTORS : 166314 C MAMMOOTTYM 51 GENMUL 143  69305  69162  54.85  1P P ABDULLAKUTTYM 68 GENCPM 92  45739  45647  36.20  2P T ALI HAJIM 60 GENBJP 3  5543  5540  4.39  3A.K  MAJEED MASTERM 38 GENSDPI 2  2696  2694  2.13  4ALIKUTTY ALIAS BAPPU PUTHANATHANIM 38 GENPDP 0  1802  1802  1.43  5MOHANDASM 31 GENIND 0  781  781  0.62  6Page 168 of 195"
"CANDIDATE NAMESEXAGE CATEGORYPARTYPOSTALTOTALGENERALVALID VOTES POLLEDElection Commission of India- State Election, 2011 to the Legislative Assembly Of  KeralaDETAILED RESULTS% VOTES POLLEDT AYYAPPANM 61 SCBSP 0  487  487  0.39  7 240  126353 TOTAL: 126113 TURNOUT 75.97KOTTAKKAL46.ConstituencyTOTAL ELECTORS : 167498 ABDUSSAMAD SAMADANIM 52 GENMUL 148  69717  69569  58.91  1DR.C.P.K.GURUKKALM 61 GENNCP 100  33815  33715  28.57  2K.K. SURENDRANM 46 GENBJP 8  7782  7774  6.58  3ALI KADAMPUZHAM 44 GENPDP 1  3027  3026  2.56  4ADV.K.C.NASEERM 32 GENSDPI 6  2650  2644  2.24  5KADAMPUZHA BINDHU DEVARAJANF 45 GENIND 0  894  894  0.76  6MADATHIL MUHAMMAD ELLIASM 40 GENBSP 0  458  458  0.39  7 263  118343 TOTAL: 118080 TURNOUT 70.65THAVANUR47.ConstituencyTOTAL ELECTORS : 156486 DR.K.T. JALEELM 45 GENIND 194  57729  57535  47.20  1ADV. V.V. PRAKASHM 47 GENINC 123  50875  50752  41.60  2NIRMALA KUTTIKRISHNAN PUNNAKKALF 54 GENBJP 6  7107  7101  5.81  3NURUL HACKM 33 GENSDPI 0  3116  3116  2.55  4V V PRAKASHANM 34 SCIND 0  1351  1351  1.10  5T.A.  JALEELM 47 GENIND 0  820  820  0.67  6T.K. JALEELM 40 GENIND 0  768  768  0.63  7NANDA KUMARM 49 SCBSP 0  531  531  0.43  8 323  122297 TOTAL: 121974 TURNOUT 78.15PONNANI48.ConstituencyTOTAL ELECTORS : 158680 P.SREERAMAKRISHNANM 43 GENCPM 130  57615  57485  47.55  1P.T.AJAY MOHANM 45 GENINC 85  53514  53429  44.17  2V.T.JAYAPRAKASH MASTERM 54 GENBJP 2  5680  5678  4.69  3YAHIYA KOYA THANGALM 36 GENSDPI 1  3250  3249  2.68  4AJAYANM 37 GENIND 0  1099  1099  0.91  5 218  121158 TOTAL: 120940 TURNOUT 76.35THRITHALA49.ConstituencyTOTAL ELECTORS : 155638 ADV.V.T. BALRAMM 32 GENINC 121  57848  57727  47.37  1MAMMIKUTTY. PM 58 GENCPM 227  54651  54424  44.75  2Page 169 of 195"
"CANDIDATE NAMESEXAGE CATEGORYPARTYPOSTALTOTALGENERALVALID VOTES POLLEDElection Commission of India- State Election, 2011 to the Legislative Assembly Of  KeralaDETAILED RESULTS% VOTES POLLEDV. RAMANKUTTYM 72 GENBJP 11  5899  5888  4.83  3BABURAJAN. O.TM 43 SCSDPI 0  1320  1320  1.08  4P.MAMMIKUTTYM 49 GENIND 0  902  902  0.74  5P. SHAMSUDHEENM 38 GENPDP 0  590  590  0.48  6RAMESAN PERUMANNURM 34 SCBSP 1  543  542  0.44  7K BALARAMANM 40 STIND 0  367  367  0.30  8 360  122120 TOTAL: 121760 TURNOUT 78.46PATTAMBI50.ConstituencyTOTAL ELECTORS : 153713 C.P.MOHAMMEDM 58 GENINC 134  57728  57594  49.00  1K.P.SURESH  RAJM 40 GENCPI 195  45253  45058  38.41  2POOKKATTIRI BABUM 41 GENBJP 14  8874  8860  7.53  3ADV.K.M. ASHARAFM 55 GENSDPI 0  3742  3742  3.18  4SURESHM 45 GENIND 0  754  754  0.64  5ASHARAF ALI VALLAPPUZHAM 39 GENBSP 1  749  748  0.64  6MASEEF HAJIM 45 GENPDP 0  718  718  0.61  7 344  117818 TOTAL: 117474 TURNOUT 76.65SHORNUR51.ConstituencyTOTAL ELECTORS : 163885 K.S.SALEEKHAF 50 GENCPM 227  59616  59389  49.57  1SANTHA JAYARAMF 56 GENINC 90  46123  46033  38.35  2V.B.MURALIDHARANM 36 GENBJP 9  10562  10553  8.78  3KHALID.AM 35 GENSDPI 1  3065  3064  2.55  4M.C.VELAYUDHANM 58 SCBSP 1  894  893  0.74  5 328  120260 TOTAL: 119932 TURNOUT 73.38OTTAPALAM52.ConstituencyTOTAL ELECTORS : 175066 M. HAMZAM 49 GENCPM 372  65023  64651  49.47  1V.K. SREEKANDANM 41 GENINC 206  51820  51614  39.43  2P. VENUGOPALANM 42 GENBJP 9  9631  9622  7.33  3E.S. KAJAHUSSAINM 41 GENSDPI 1  1933  1932  1.47  4M. HAMZAM 25 GENIND 0  1097  1097  0.83  5K.T.PADMINIF 37 SCBSP 1  947  946  0.72  6N. HAMZAM 47 GENIND 0  604  604  0.46  7ARAVINDAN KARIMPUZHAM 40 GENIND 0  379  379  0.29  8 589  131434 TOTAL: 130845 TURNOUT 75.08Page 170 of 195"
"CANDIDATE NAMESEXAGE CATEGORYPARTYPOSTALTOTALGENERALVALID VOTES POLLEDElection Commission of India- State Election, 2011 to the Legislative Assembly Of  KeralaDETAILED RESULTS% VOTES POLLEDKONGAD  (SC)53.ConstituencyTOTAL ELECTORS : 155799 K.V.VIJAYADASM 51 SCCPM 212  52920  52708  46.63  1P.SWAMINATHANM 42 SCINC 147  49355  49208  43.49  2V.DEVAYANIF 40 SCBJP 13  8467  8454  7.46  3VIJAYADASANM 34 SCIND 0  1543  1543  1.36  4K. VELAYUDHANM 61 SCBSP 4  1198  1194  1.06  5 376  113483 TOTAL: 113107 TURNOUT 72.84MANNARKAD54.ConstituencyTOTAL ELECTORS : 166275 ADVOCATE N. SAMSUDHEENM 41 GENMUL 252  60191  59939  49.66  1V. CHAMUNNIM 62 GENCPI 240  51921  51681  42.84  2O.P. VASUDEVANUNNIM 33 GENBJP 11  5655  5644  4.67  3CHAMUNNIM 59 GENIND 0  1370  1370  1.13  4MUHAMMED GAFOOR MADANIM 30 GENSDPI 0  1238  1238  1.02  5RAMAKRISHNAN.AM 39 SCBSP 2  820  818  0.68  6 505  121195 TOTAL: 120690 TURNOUT 72.89MALAMPUZHA55.ConstituencyTOTAL ELECTORS : 180648 V.S.ACHUTHANANDAN.M 87 GENCPM 470  77752  77282  57.04  1LATHIKA SUBHASHF 47 GENINC 217  54312  54095  39.84  2ADV.P. K. MAJEED PEDIKKATTM 55 GENJD(U) 0  2772  2772  2.03  3RAVI PALLATHERIM 29 SCBSP 2  1480  1478  1.09  4 689  136316 TOTAL: 135627 TURNOUT 75.46PALAKKAD56.ConstituencyTOTAL ELECTORS : 154374 SHAFI PARAMBILM 27 GENINC 166  47641  47475  42.41  1K. K. DIVAKARANM 64 GENCPM 271  40238  39967  35.82  2C. UDAYBHASKARM 57 GENBJP 44  22317  22273  19.86  3SHAJI ABRAHAMM 35 GENIND 0  637  637  0.57  4HARI ARUMBILM 27 GENBSP 6  490  484  0.44  5MUHAMMED SHAFI (SHAFI PURAKARA)M 27 GENIND 0  377  377  0.34  6C.SAMPATHM 57 GENAIADMK 0  337  337  0.30  7DIVAKARANM 55 GENIND 1  310  309  0.28  8 488  112347 TOTAL: 111859 TURNOUT 72.78Page 171 of 195"
"CANDIDATE NAMESEXAGE CATEGORYPARTYPOSTALTOTALGENERALVALID VOTES POLLEDElection Commission of India- State Election, 2011 to the Legislative Assembly Of  KeralaDETAILED RESULTS% VOTES POLLEDTARUR  (SC)57.ConstituencyTOTAL ELECTORS : 149387 A. K. BALANM 62 SCCPM 214  64175  63961  57.15  1N. VINESHM 31 SCKEC(J) 70  38419  38349  34.21  2M. LAKSHMANANM 54 SCBJP 5  5385  5380  4.80  3P.C.NARAYANANKUTTYM 44 SCBSP 0  2346  2346  2.09  4K. VINESHM 27 SCIND 0  1963  1963  1.75  5 289  112288 TOTAL: 111999 TURNOUT 75.17CHITTUR58.ConstituencyTOTAL ELECTORS : 167800 K.ACHUTHANM 61 GENINC 235  69916  69681  51.33  1S. SUBHASH CHANDRABOSEM 38 GENCPM 287  57586  57299  42.28  2A.K.OMANAKUTTANM 42 GENBJP 2  4518  4516  3.32  3K. KALADHARANM 43 GENIND 1  1319  1318  0.97  4A.MUHAMED HANEEFAM 38 GENSDPI 0  1192  1192  0.88  5V. LAKSHMIF 32 STBSP 1  626  625  0.46  6K.ACHUTHANM 54 GENIND 0  570  570  0.42  7A.RAJEENAF 27 GENSUCI 2  472  470  0.35  8 528  136199 TOTAL: 135671 TURNOUT 81.17NENMARA59.ConstituencyTOTAL ELECTORS : 172069 V. CHENTHAMARAKSHANM 50 GENCPM 340  64169  63829  47.86  1M.V.RAGHAVANM 77 GENCMPKSC 121  55475  55354  41.38  2N. SIVARAJANM 56 GENBJP 9  9123  9114  6.80  3SAKKEER HUSSAINM 39 GENSDPI 0  1809  1809  1.35  4CHANDRANM 50 SCBSP 0  1484  1484  1.11  5SUGUNAN.SM 47 GENAIADMK 0  1279  1279  0.95  6JOY PETER.TM 50 GENCPI(ML)(L) 0  735  735  0.55  7 470  134074 TOTAL: 133604 TURNOUT 77.92ALATHUR60.ConstituencyTOTAL ELECTORS : 152827 M.CHANDRANM 64 GENCPM 206  66977  66771  57.72  1ADV. K. KUSALA KUMARM 46 GENKEC(M) 67  42236  42169  36.40  2K.A.SULAIMANM 58 GENBJP 2  5460  5458  4.71  3P.D.PAULOSEM 64 GENBSP 1  1372  1371  1.18  4 276  116045 TOTAL: 115769 TURNOUT 75.93CHELAKKARA  (SC)61.ConstituencyTOTAL ELECTORS : 173746 Page 172 of 195"
"CANDIDATE NAMESEXAGE CATEGORYPARTYPOSTALTOTALGENERALVALID VOTES POLLEDElection Commission of India- State Election, 2011 to the Legislative Assembly Of  KeralaDETAILED RESULTS% VOTES POLLEDK.RADHAKRISHNANM 46 SCCPM 150  73683  73533  55.42  1K.B.SASIKUMARM 49 SCINC 60  49007  48947  36.86  2V.A.KRISHNAKUMARANM 34 SCBJP 6  7056  7050  5.31  3A. SUBRAHMANIANM 46 SCSDPI 0  2224  2224  1.67  4SURESH BABUM 34 SCBSP 0  972  972  0.73  5 216  132942 TOTAL: 132726 TURNOUT 76.52KUNNAMKULAM62.ConstituencyTOTAL ELECTORS : 174161 BABU.M.PALISSERYM 52 GENCPM 160  58244  58084  44.34  1C.P.JOHNM 53 GENCMPKSC 128  57763  57635  43.98  2ADV.K.K.ANEESHKUMARM 32 GENBJP 2  11725  11723  8.93  3K.P.PREMANM 47 GENIND 0  2059  2059  1.57  4JOHNM 46 GENIND 0  860  860  0.65  5UNNIKRISHNAN VAROLIM 45 SCBSP 0  693  693  0.53  6 290  131344 TOTAL: 131054 TURNOUT 75.42GURUVAYOOR63.ConstituencyTOTAL ELECTORS : 178144 K.V.ABDUL KHADERM 47 GENCPM 135  62246  62111  48.53  1ASHARAF KOKKURM 55 GENMUL 64  52278  52214  40.75  2DAYANANDAN MAMPULLYM 48 GENBJP 6  9306  9300  7.25  3ASHARAFVADAKOOTM 40 GENSDPI 0  2187  2187  1.70  4ADV. SHAMEERBABUM 31 GENIND 0  1017  1017  0.79  5K.V.ABDULKHADERM 47 GENIND 0  415  415  0.32  6VIJAYANATHM 61 GENIND 0  353  353  0.28  7C.V.PREMRAJM 43 SCSUCI 0  242  242  0.19  8MUHAMMED ASHARAFM 47 GENBSP 0  232  232  0.18  9 205  128276 TOTAL: 128071 TURNOUT 72.01MANALUR64.ConstituencyTOTAL ELECTORS : 189976 P.A. MADHAVANM 64 GENINC 209  63077  62868  45.22  1BABY JOHNM 59 GENCPM 210  62596  62386  44.87  2P.M. GOPINATHANM 56 GENBJP 4  10543  10539  7.56  3P.K. USMANM 34 GENSDPI 2  2293  2291  1.64  4SURESH TACHAPPILLYM 51 GENBSP 0  594  594  0.43  5ARAVINDAKSHAN M.K.M 62 GENKJ 0  388  388  0.28  6 425  139491 TOTAL: 139066 TURNOUT 73.43Page 173 of 195"
"CANDIDATE NAMESEXAGE CATEGORYPARTYPOSTALTOTALGENERALVALID VOTES POLLEDElection Commission of India- State Election, 2011 to the Legislative Assembly Of  KeralaDETAILED RESULTS% VOTES POLLEDWADAKKANCHERY65.ConstituencyTOTAL ELECTORS : 176069 C.N.BALAKRISHNANM 76 GENINC 257  67911  67654  48.79  1N.R.BALANM 61 GENCPM 313  61226  60913  43.99  2SHAJUMON VATTEKADM 37 SCBJP 11  7451  7440  5.35  3GOVINDAN MACHADM 58 SCBSP 0  1419  1419  1.02  4BALAKRISHNANM 39 SCIND 0  1177  1177  0.85  5 581  139184 TOTAL: 138603 TURNOUT 79.05OLLUR66.ConstituencyTOTAL ELECTORS : 176875 M.P. VINCENTM 47 GENINC 217  64823  64606  49.21  1RAJAJI MATHEW THOMASM 56 GENCPI 233  58576  58343  44.47  2SUNDARARAJAN MASTERM 49 GENBJP 4  6761  6757  5.13  3SURESH M.R.M 26 STIND 0  717  717  0.54  4SUNNY K. JOHNM 77 GENBSP 1  434  433  0.33  5RATHEESH T. NAIRM 28 GENIND 0  407  407  0.31  6 455  131718 TOTAL: 131263 TURNOUT 74.47THRISSUR67.ConstituencyTOTAL ELECTORS : 161886 ADV.THERAMBIL RAMAKRISHNANM 69 GENINC 306  59991  59685  53.19  1P. BALACHANDRANM 48 GENCPI 413  43822  43409  38.85  2ADV. RAVIKUMAR UPPATHM 46 GENBJP 14  6697  6683  5.94  3THERAMBIL RAMAKRISHNANM 45 GENIND 0  1405  1405  1.25  4ADV. A. JAYARAMM 45 GENBSP 0  879  879  0.78  5 733  112794 TOTAL: 112061 TURNOUT 69.67NATTIKA  (SC)68.ConstituencyTOTAL ELECTORS : 179535 GEETHA GOPIF 37 SCCPI 200  64555  64355  50.21  1VIKAS CHAKRAPANIM 47 SCIND 107  48501  48394  37.72  2SARJU THOYAKKAVUM 37 SCBJP 8  11144  11136  8.67  3DINESH KUMAR.E.VM 37 SCIND 4  1636  1632  1.27  4M.S.VASANTHYF 34 SCIND 0  826  826  0.64  5P.K.SUBRAMANIANM 60 SCBSP 1  600  599  0.47  6N.V.MANIM 46 SCIND 0  513  513  0.40  7C.K.CHANDRANM 63 SCIND 1  497  496  0.39  8PUSHPAKARANM 48 SCIND 0  310  310  0.24  9Page 174 of 195"
"CANDIDATE NAMESEXAGE CATEGORYPARTYPOSTALTOTALGENERALVALID VOTES POLLEDElection Commission of India- State Election, 2011 to the Legislative Assembly Of  KeralaDETAILED RESULTS% VOTES POLLED 321  128582 TOTAL: 128261 TURNOUT 71.62KAIPAMANGALAM69.ConstituencyTOTAL ELECTORS : 151356 ADV.V S SUNILKUMARM 43 GENCPI 219  58789  58570  50.20  1UMESH CHALLIYILM 49 GENJPSS 86  45219  45133  38.61  2A N RADHAKRISHNANM 50 GENBJP 8  10716  10708  9.15  3M M MANOJM 31 SCIND 0  937  937  0.80  4P A KUTTAPPANM 53 GENBSP 1  811  810  0.69  5C U NIMIM 38 SCIND 0  638  638  0.54  6 314  117110 TOTAL: 116796 TURNOUT 77.37IRINJALAKKUDA70.ConstituencyTOTAL ELECTORS : 174214 ADV.THOMAS UNNIYADANM 52 GENKEC(M) 215  68445  68230  51.70  1ADV. K.R.VIJAYAF 41 GENCPM 282  56041  55759  42.33  2K. C. VENU MASTERM 52 GENBJP 3  6672  6669  5.04  3T V SIVADASANM 36 SCIND 0  772  772  0.58  4SUBRAMANIANM 52 SCBSP 0  449  449  0.34  5 500  132379 TOTAL: 131879 TURNOUT 75.99PUTHUKKAD71.ConstituencyTOTAL ELECTORS : 176055 PROF: C. RAVEENDRANATHM 55 GENCPM 301  73047  72746  52.84  1ADV. K. P. VISWANATHAN,M 70 GENINC 67  46565  46498  33.68  2SOBHA SURENDRAN,F 35 GENBJP 7  14425  14418  10.43  3P. J. MONSY,M 42 GENIND 1  2084  2083  1.51  4P.C.PUSHPAKARAN,M 43 SCBSP 0  1013  1013  0.73  5PAULSON KALLOOR,M 45 GENIND 1  622  621  0.45  6K. V. PURUSHOTHAMAN,M 49 GENIND 0  495  495  0.36  7 377  138251 TOTAL: 137874 TURNOUT 78.53CHALAKKUDY72.ConstituencyTOTAL ELECTORS : 172679 DEVASSY.B.D.M 60 GENCPM 326  63610  63284  48.18  1BENNY.K.T.M 36 GENINC 172  61061  60889  46.25  2ADV.SUDHEER BABYM 51 GENBJP 6  5976  5970  4.53  3PUSHPANGADAN P.MM 49 SCIND 0  681  681  0.52  4SUBRAMANIAN.V.K.M 60 SCBSP 0  451  451  0.34  5JAYAKUMAR.E.M 40 GENIND 0  258  258  0.20  6 504  132037 TOTAL: 131533 TURNOUT 76.46Page 175 of 195"
"CANDIDATE NAMESEXAGE CATEGORYPARTYPOSTALTOTALGENERALVALID VOTES POLLEDElection Commission of India- State Election, 2011 to the Legislative Assembly Of  KeralaDETAILED RESULTS% VOTES POLLEDKODUNGALLUR73.ConstituencyTOTAL ELECTORS : 169056 T.N.PRATHAPANM 51 GENINC 212  64495  64283  50.11  1K.G.SIVANANDHANM 48 GENCPI 291  55063  54772  42.78  2I.R.VIJAYANM 59 GENBJP 9  6732  6723  5.23  3AMBILY UNNIKRISHNANF 35 SCBSP 0  624  624  0.48  4HARIDAS.K.BM 36 GENIND 1  461  460  0.36  5RAJESH APPATTM 41 GENIND 2  377  375  0.29  6ALLY RAVIF 45 SCIND 0  343  343  0.27  7SUJA ANTONYF 30 GENSUCI 0  330  330  0.26  8T.U.RADHAKRISHNANM 38 GENIND 0  289  289  0.22  9 515  128714 TOTAL: 128199 TURNOUT 76.14PERUMBAVOOR74.ConstituencyTOTAL ELECTORS : 154432 SAJU PAULM 44 GENCPM 375  59628  59253  47.42  1ADV.JAISON JOSEPHM 46 GENINC 192  56246  56054  44.73  2O. C. ASOKANM 39 GENBJP 10  5464  5454  4.35  3O.ALIYARM 64 GENSDPI 2  2401  2399  1.91  4N.K. MUHAMMED  HAJIM 61 GENPDP 0  1094  1094  0.87  5P.N.SUNILKUMARM 38 GENSHS 0  494  494  0.39  6BINDU JAYANF 31 GENCPI(ML)(L) 0  412  412  0.33  7 579  125739 TOTAL: 125160 TURNOUT 81.42ANGAMALY75.ConstituencyTOTAL ELECTORS : 152370 ADVOCATE JOSE THETTAYILM 60 GENJD(S) 258  61500  61242  49.56  1ADVOCATE JOHNY NELLOORM 60 GENKEC(J) 142  54330  54188  43.78  2M.A.BRAHMARAJM 44 GENBJP 5  4117  4112  3.32  3JOHNSON. I.T. (INCHAKADAN JOHNY)M 51 GENIND 0  1374  1374  1.11  4M.G.PURUSHOTHAMANM 63 GENBSP 0  774  774  0.62  5POULOSE KIDANGENM 68 GENKJ 0  518  518  0.42  6K.C.JAYANM 45 GENSUCI 0  514  514  0.41  7FRANCIS NJALIYANM 47 GENSWJP 0  482  482  0.39  8JOHNSONM 43 GENIND 0  248  248  0.20  9JOHN CHACKOM 50 GENIND 0  229  229  0.18  10 405  124086 TOTAL: 123681 TURNOUT 81.44ALUVA76.ConstituencyTOTAL ELECTORS : 158819 Page 176 of 195"
"CANDIDATE NAMESEXAGE CATEGORYPARTYPOSTALTOTALGENERALVALID VOTES POLLEDElection Commission of India- State Election, 2011 to the Legislative Assembly Of  KeralaDETAILED RESULTS% VOTES POLLEDANWAR SADATHM 36 GENINC 167  64244  64077  50.24  1A.M. YOUSAFM 59 GENCPM 241  51030  50789  39.91  2M.N.GOPIM 43 GENBJP 7  8264  8257  6.46  3ROY ARACKALM 42 GENSDPI 0  1684  1684  1.32  4M.M. YOOSAF MUNDAKKALM 35 GENIND 0  829  829  0.65  5ANWAR SADATH PANACKAPARAMBILM 38 GENIND 0  547  547  0.43  6K.Y.KUNJUMONM 38 GENSHS 0  479  479  0.37  7ABDUL AZEEZM 41 GENBSP 0  473  473  0.37  8ANTONY JOSEPH MANJOORANM 54 GENIND 0  182  182  0.14  9K.K. SOBHAF 45 SCSUCI 0  138  138  0.11  10 415  127870 TOTAL: 127455 TURNOUT 80.51KALAMASSERY77.ConstituencyTOTAL ELECTORS : 165107 V. K. EBRAHIM KUNJUM 58 GENMUL 168  62843  62675  47.73  1K. CHANDRAN PILLAIM 54 GENCPM 251  55054  54803  41.81  2ADV.P.KRISHNADASM 40 GENBJP 6  8438  8432  6.41  3P.A. MUHAMMED ASLAMM 47 GENSDPI 0  2104  2104  1.60  4T.A. MUJEEB RAHMANM 35 GENIND 0  1236  1236  0.94  5CHANDRASEKHARA PILLAIM 61 GENIND 0  657  657  0.50  6GIREESH BABU. G.M 35 SCBSP 0  508  508  0.39  7SHIBU THATTAMPADIM 36 SCIND 0  505  505  0.38  8D. SUNDARA MOORTHYM 34 GENAIADMK 0  186  186  0.14  9K.P. MOHANANM 61 GENIND 0  145  145  0.11  10 425  131676 TOTAL: 131251 TURNOUT 79.75PARAVUR78.ConstituencyTOTAL ELECTORS : 171172 ADV.V.D.SATHEESANM 46 GENINC 266  74632  74366  51.78  1PANNIAN RAVEEDNRANM 61 GENCPI 328  63283  62955  43.91  2E.S. PURUSHOTHAMANM 41 GENBJP 6  3934  3928  2.73  3K.K. JYOTHIVASM 38 SCIND 0  754  754  0.52  4P.S. RAJENDRA PRASADM 48 GENIND 0  614  614  0.43  5P. P. RAVEENDRANM 45 GENIND 0  493  493  0.34  6M. MANOJM 28 GENBSP 2  414  412  0.29  7 602  144124 TOTAL: 143522 TURNOUT 84.20VYPEN79.ConstituencyTOTAL ELECTORS : 152040 Page 177 of 195"
"CANDIDATE NAMESEXAGE CATEGORYPARTYPOSTALTOTALGENERALVALID VOTES POLLEDElection Commission of India- State Election, 2011 to the Legislative Assembly Of  KeralaDETAILED RESULTS% VOTES POLLEDS.SARMAM 56 GENCPM 284  60814  60530  50.37  1AJAY THARAYILM 52 GENINC 57  55572  55515  46.03  2T.G.SURENDRANM 51 SCBJP 1  2930  2929  2.43  3T.K.SIVANANDANM 56 GENBSP 0  546  546  0.45  4SANTHOSH SARMAM 34 GENIND 0  490  490  0.41  5BENNY JOSEPHM 39 GENIND 1  374  373  0.31  6 343  120726 TOTAL: 120383 TURNOUT 79.40KOCHI80.ConstituencyTOTAL ELECTORS : 158548 DOMINIC PRESENTATIONM 61 GENINC 54  56352  56298  53.37  1M.C.JOSEPHINEF 61 GENCPM 82  39849  39767  37.74  2K. SASIDHARAN MASTERM 63 GENBJP 4  5480  5476  5.19  3YOOSUF MUFTHIM 45 GENSDPI 0  1992  1992  1.89  4DOMINIC. C.J.M 56 GENIND 0  590  590  0.56  5KAMARUDHEEN. T. A.M 33 GENBSP 0  482  482  0.46  6A.P. IBRAHIM KUTTYM 42 GENIND 0  394  394  0.37  7ADV. JACOB PULIKKANM 66 GENIND 0  258  258  0.24  8T.A. KRISHNAN KUTTYM 62 SCIND 1  195  194  0.18  9 141  105592 TOTAL: 105451 TURNOUT 66.60THRIPUNITHURA81.ConstituencyTOTAL ELECTORS : 171652 K.BABUM 60 GENINC 120  69886  69766  53.36  1C.M.DINESH MANIM 60 GENCPM 151  54108  53957  41.31  2ADV.SABU VARGHEESEM 49 GENBJP 4  4942  4938  3.77  3KARTIKEYANM 56 SCBSP 1  826  825  0.63  4BABU KEEZHATHUPARAMBUM 55 GENIND 0  330  330  0.25  5SAJU KOLATTUKUDYM 39 GENIND 0  327  327  0.25  6SAJI THURUTHIKUNNELM 39 GENSHS 0  316  316  0.24  7P.K. THANKAMANIF 47 SCIND 0  137  137  0.10  8K.P. AYYAPPANM 32 SCIND 0  105  105  0.08  9 276  130977 TOTAL: 130701 TURNOUT 76.30ERANAKULAM82.ConstituencyTOTAL ELECTORS : 136722 HIBI EDENM 27 GENINC 79  59919  59840  61.58  1DR. SEBASTIAN PAULM 64 GENIND 124  27482  27358  28.25  2C.G. RAJAGOPALM 37 GENBJP 7  6362  6355  6.54  3SEBASTIAN NJALAMKUNNELM 36 GENIND 0  2347  2347  2.41  4Page 178 of 195"
"CANDIDATE NAMESEXAGE CATEGORYPARTYPOSTALTOTALGENERALVALID VOTES POLLEDElection Commission of India- State Election, 2011 to the Legislative Assembly Of  KeralaDETAILED RESULTS% VOTES POLLEDIQBAL THAMARASSERYM 47 GENBSP 0  742  742  0.76  5T.R. VASUDEVANM 43 GENSHS 0  445  445  0.46  6 210  97297 TOTAL: 97087 TURNOUT 71.16THRIKKAKARA83.ConstituencyTOTAL ELECTORS : 159877 BENNY BEHANANM 58 GENINC 96  65854  65758  55.88  1M.E. HASSAINARM 60 GENCPM 177  43448  43271  36.87  2N.SAJI KUMARM 45 GENBJP 3  5935  5932  5.04  3HASSAINARM 42 GENIND 1  933  932  0.79  4ABDUL SALAM PARAKKADANM 55 GENSDPI 1  869  868  0.74  5BENNY GEORGEM 47 GENIND 0  410  410  0.35  6SHEREEF THANKAYATHILM 50 GENBSP 0  404  404  0.34  7 278  117853 TOTAL: 117575 TURNOUT 73.71KUNNATHUNAD  (SC)84.ConstituencyTOTAL ELECTORS : 153102 V.P. SAJEENDRANM 42 SCINC 188  63624  63436  49.72  1M. A. SURENDRANM 42 SCCPM 293  54892  54599  42.89  2M. RAVIM 42 SCBJP 3  5862  5859  4.58  3M. K. MANOJ KUMARM 45 SCSDPI 1  2969  2968  2.32  4RAJEEV. P. T.M 44 SCBSP 0  625  625  0.49  5 485  127972 TOTAL: 127487 TURNOUT 83.59PIRAVOM85.ConstituencyTOTAL ELECTORS : 176302 T. M. JACOBM 60 GENKEC(J) 277  66503  66226  47.53  1M.J.JACOBM 66 GENCPM 472  66346  65874  47.41  2M.N. MADHUM 51 GENBJP 6  4234  4228  3.03  3JOSHY JOSEPHM 29 GENBSP 1  979  978  0.70  4SABU KUNJAPPANM 33 GENIND 1  958  957  0.68  5M.K. USHAF 42 SCSUCI 1  908  907  0.65  6 758  139928 TOTAL: 139170 TURNOUT 79.37MUVATTUPUZHA86.ConstituencyTOTAL ELECTORS : 154440 JOSEPH VAZHACKKANM 54 GENINC 238  58012  57774  49.90  1BABU PAULM 55 GENCPI 241  52849  52608  45.46  2JIJI JOSEPHM 37 GENBJP 7  4367  4360  3.76  3BIJU SREEDHARANM 41 GENIND 0  546  546  0.47  4BOBY KALLOORM 47 GENBSP 0  487  487  0.42  5Page 179 of 195"
"CANDIDATE NAMESEXAGE CATEGORYPARTYPOSTALTOTALGENERALVALID VOTES POLLEDElection Commission of India- State Election, 2011 to the Legislative Assembly Of  KeralaDETAILED RESULTS% VOTES POLLED 486  116261 TOTAL: 115775 TURNOUT 75.28KOTHAMANGALAM87.ConstituencyTOTAL ELECTORS : 144256 SHEV.T.U.KURUVILLAM 74 GENKEC(M) 270  52924  52654  49.26  1COMMANDER SKARIAH THOMASM 64 GENIND 304  40702  40398  37.88  2ADV. K.RADHAKRISHNANM 43 GENBJP 7  5769  5762  5.37  3SHINE MUHAMMEDM 33 GENSDPI 8  4691  4683  4.37  4SKARIA THOMASM 61 GENIND 1  1008  1007  0.94  5T. T. KURUVILAM 70 GENIND 0  718  718  0.67  6DEVAKI NARAYANANF 46 SCIND 0  524  524  0.49  7JOY DAVASIAM 44 GENIND 0  419  419  0.39  8SKARIA THOMMANM 73 GENIND 0  363  363  0.34  9SOMINI PRABHAKARANF 41 SCBSP 0  319  319  0.30  10 590  107437 TOTAL: 106847 TURNOUT 74.48DEVIKULAM  (SC)88.ConstituencyTOTAL ELECTORS : 147855 S. RAJENDRANM 47 SCCPM 106  51849  51743  48.43  1A.K.MONIM 59 SCINC 80  47771  47691  44.62  2S RAJAGOPALM 59 SCBJP 3  3582  3579  3.35  3SELVARAJ MADASWAMIM 51 SCIND 0  1060  1060  0.99  4T. C. THANKAPPANM 64 SCBSP 1  913  912  0.85  5MALLIKAF 33 SCAIADMK 0  646  646  0.60  6RAJU AYYAPPANM 52 SCSDPI 0  628  628  0.59  7P. K. MANIM 55 SCIND 0  336  336  0.31  8MANIKANDAN KM 35 SCIND 1  274  273  0.26  9 191  107059 TOTAL: 106868 TURNOUT 72.41UDUMBANCHOLA89.ConstituencyTOTAL ELECTORS : 153563 K.K.JAYACHANDRANM 59 GENCPM 113  56923  56810  51.48  1ADV.JOSSY SEBASTIANM 46 GENINC 118  47090  46972  42.59  2NARAYANA RAJUM 34 GENBJP 2  3836  3834  3.47  3MUHAMMED SHARAFUDHEENM 36 GENSDPI 0  1331  1331  1.20  4BENNY THOMASM 41 GENBSP 0  714  714  0.65  5K.C.MAMMACHANM 50 GENIND 0  669  669  0.61  6 233  110563 TOTAL: 110330 TURNOUT 72.00Page 180 of 195"
"CANDIDATE NAMESEXAGE CATEGORYPARTYPOSTALTOTALGENERALVALID VOTES POLLEDElection Commission of India- State Election, 2011 to the Legislative Assembly Of  KeralaDETAILED RESULTS% VOTES POLLEDTHODUPUZHA90.ConstituencyTOTAL ELECTORS : 177529 P.J.JOSEPHM 69 GENKEC(M) 369  66325  65956  51.92  1PROF. JOSEPH AUGUSTINEM 56 GENIND 281  43457  43176  34.02  2P.M.VELAYUDHANM 58 SCBJP 42  10049  10007  7.87  3M. A. NAJEEBM 36 GENSDPI 7  5386  5379  4.22  4BINU SEBASTIANM 38 GENBSP 1  677  676  0.53  5C. R. DILEEP KUMARM 44 STIND 2  655  653  0.51  6T. S. SREENIVASANM 26 SCIND 0  482  482  0.38  7JOMON JOHNM 34 GENIND 2  282  280  0.22  8SIBY C MATHEWM 37 GENSUCI 2  246  244  0.19  9SHIBU MONM 32 GENKJ 0  179  179  0.14  10 706  127738 TOTAL: 127032 TURNOUT 71.95IDUKKI91.ConstituencyTOTAL ELECTORS : 169984 ROSHY AUGUSTINE,M 41 GENKEC(M) 201  65734  65533  54.88  1C.V.VARGHESE,M 50 GENCPM 196  49928  49732  41.69  2C.C.KRISHNAN,M 56 SCBJP 11  3013  3002  2.52  3KANCHIYAR PEETHAMBARAN,M 47 SCIND 1  389  388  0.32  4P.C.PRABHAKARAN,M 69 SCIND 0  325  325  0.27  5M.K.NARAYANAN,M 75 STIND 1  226  225  0.19  6V.LAKSHMANAN,M 51 GENIND 0  158  158  0.13  7 410  119773 TOTAL: 119363 TURNOUT 70.46PEERUMADE92.ConstituencyTOTAL ELECTORS : 165380 E. S. BIJIMOLF 39 GENCPI 79  56748  56669  49.26  1ADV.E.M.AUGUSTHYM 60 GENINC 82  51971  51889  45.11  2P. P. SANUM 43 GENBJP 4  3380  3376  2.93  3M.K. SUPPU ROYALM 51 GENIND 1  694  693  0.60  4K.D. VASUDEVANM 40 STIND 1  667  666  0.58  5BIJU MATTAPPALLYM 31 GENBSP 0  641  641  0.56  6P. S. MADHUM 64 SCSDPI 0  437  437  0.38  7AUGUSTHY. MM 49 GENIND 0  359  359  0.31  8JOSEPH JACOBM 33 STIND 0  307  307  0.27  9 167  115204 TOTAL: 115037 TURNOUT 69.66PALA93.ConstituencyTOTAL ELECTORS : 169192 Page 181 of 195"
"CANDIDATE NAMESEXAGE CATEGORYPARTYPOSTALTOTALGENERALVALID VOTES POLLEDElection Commission of India- State Election, 2011 to the Legislative Assembly Of  KeralaDETAILED RESULTS% VOTES POLLEDK.M.MANIM 79 GENKEC(M) 365  61239  60874  49.14  1MANI.C.KAPPENM 54 GENNCP 277  55980  55703  44.92  2PROF.B.VIJAYAKUMARM 54 GENBJP 10  6359  6349  5.10  3C.V JOHNM 49 GENIND 0  576  576  0.46  4JAMES JOSEPHM 44 GENIND 0  465  465  0.37  5 652  124619 TOTAL: 123967 TURNOUT 73.66KADUTHURUTHY94.ConstituencyTOTAL ELECTORS : 171486 ADV.MONS JOSEPHM 46 GENKEC(M) 414  68787  68373  56.37  1STEPHEN GEORGEM 47 GENKC(AMG) 248  45730  45482  37.48  2P.G.BIJUKUMARM 39 GENBJP 15  5340  5325  4.38  3M.D.THOMASM 52 GENBSP 4  2169  2165  1.78  4 681  122026 TOTAL: 121345 TURNOUT 71.16VAIKOM  (SC)95.ConstituencyTOTAL ELECTORS : 153205 K. AJITHM 39 SCCPI 406  62603  62197  51.62  1A SANEESHKUMARM 34 SCINC 219  52035  51816  42.91  2RAMESH KAVIMATTAMM 41 SCBJP 8  4512  4504  3.72  3K. SANESHM 32 SCIND 0  691  691  0.57  4P. K. PRAKASANM 35 SCBSP 0  645  645  0.53  5K. S. SASIKALAF 41 SCSUCI 0  412  412  0.34  6M. K. DASANM 41 SCIND 1  367  366  0.30  7 634  121265 TOTAL: 120631 TURNOUT 79.15ETTUMANOOR96.ConstituencyTOTAL ELECTORS : 150807 ADV. K. SURESH KURUPM 54 GENCPM 298  57381  57083  48.52  1THOMAS CHAZHIKADANM 58 GENKEC(M) 258  55580  55322  47.00  2V.G. GOPAKUMARM 49 GENBJP 9  3385  3376  2.86  3K.T. THOMASM 43 GENBSP 0  763  763  0.65  4JUSTIN MATHEWM 49 GENIND 0  466  466  0.39  5E.V. PRAKASHM 29 GENSUCI 0  454  454  0.38  6ANISH KUMARM 27 GENIND 0  228  228  0.19  7 565  118257 TOTAL: 117692 TURNOUT 78.42KOTTAYAM97.ConstituencyTOTAL ELECTORS : 148225 THIRUVANCHOOR RADHAKRISHNANM 61 GENINC 286  53825  53539  46.84  1Page 182 of 195"
"CANDIDATE NAMESEXAGE CATEGORYPARTYPOSTALTOTALGENERALVALID VOTES POLLEDElection Commission of India- State Election, 2011 to the Legislative Assembly Of  KeralaDETAILED RESULTS% VOTES POLLEDV.N.VASAVANM 56 GENCPM 340  53114  52774  46.23  2ADV.NARAYANAN NAMBOOTHIRIM 51 GENBJP 10  5449  5439  4.74  3V.S. SHAJANM 44 SCBSP 1  1737  1736  1.51  4RAJEEV ABRAHAMM 37 GENIND 1  387  386  0.34  5N.K. BIJUM 43 GENSUCI 1  276  275  0.24  6GEORGE.P.ELIASM 54 GENIND 2  113  111  0.10  7 641  114901 TOTAL: 114260 TURNOUT 77.52PUTHUPPALLY98.ConstituencyTOTAL ELECTORS : 157222 OOMMEN CHANDYM 67 GENINC 309  69922  69613  59.74  1SUJA SUSAN GEORGEF 49 GENCPM 153  36667  36514  31.33  2P.SUNILKUMARM 45 GENBJP 11  6679  6668  5.71  3ADV. SAJI K CHERAMANM 40 GENBSP 5  3230  3225  2.76  4ADV. JAYAKUMAR KAVUNKALM 57 GENIND 0  537  537  0.46  5 478  117035 TOTAL: 116557 TURNOUT 74.44CHANGANASSERY99.ConstituencyTOTAL ELECTORS : 149193 C.F THOMASM 71 GENKEC(M) 134  51019  50885  47.13  1DR.B.EKBALM 63 GENCPM 168  48465  48297  44.77  2M.B.RAJAGOPALM 58 GENBJP 15  6281  6266  5.80  3MATHEWS JOHNM 54 GENBSP 1  1058  1057  0.98  4MANSOORM 44 GENSDPI 2  907  905  0.84  5K.SADANANDANM 39 GENSUCI 0  281  281  0.26  6NASEER.K.MM 51 GENIND 0  246  246  0.23  7 320  108257 TOTAL: 107937 TURNOUT 72.56KANJIRAPPALLY100.ConstituencyTOTAL ELECTORS : 161648 DR. N.JAYARAJM 55 GENKEC(M) 203  57021  56818  50.40  1ADV. SURESH.T.NAIRM 31 GENCPI 156  44815  44659  39.61  2RAJAMOHANM 55 GENBJP 16  8037  8021  7.10  3ADV. P.K.GEETHA KRISHNANM 32 GENBSP 4  3268  3264  2.89  4 379  113141 TOTAL: 112762 TURNOUT 69.99POONJAR101.ConstituencyTOTAL ELECTORS : 167928 P C GEORGE, PLATHOTTAMM 60 GENKEC(M) 208  59809  59601  50.77  1ADV MOHAN THOMASM 36 GENIND 137  44105  43968  37.44  2Page 183 of 195"
"CANDIDATE NAMESEXAGE CATEGORYPARTYPOSTALTOTALGENERALVALID VOTES POLLEDElection Commission of India- State Election, 2011 to the Legislative Assembly Of  KeralaDETAILED RESULTS% VOTES POLLEDK M SANTHOSHKUMARM 42 GENBJP 4  5010  5006  4.25  3V M SULAIMAN MOULAVIM 50 GENSDPI 0  3579  3579  3.04  4P P JOSHYM 54 SCBSP 2  2956  2954  2.51  5SIVANM 52 GENIND 0  524  524  0.44  6P K DIVAKARANM 59 STIND 1  455  454  0.39  7P C GEROGE, PONNATTU PUTHENPURAYILM 48 GENIND 0  417  417  0.35  8K RAJAPPANM 59 GENIND 0  280  280  0.24  9RAJU  VATTAPPARAM 51 SCSUCI 1  243  242  0.21  10MANO GEORGEM 31 GENIND 0  192  192  0.16  11ANOOP BHASKARANM 28 GENIND 0  132  132  0.11  12ANIL MATHEWM 41 GENIND 0  107  107  0.09  13 353  117809 TOTAL: 117456 TURNOUT 70.15AROOR102.ConstituencyTOTAL ELECTORS : 174130 ADV.AM.ARIFFM 46 GENCPM 420  76675  76255  52.28  1A.A.SHUKOORM 56 GENINC 237  59823  59586  40.79  2T.SAJEEV LALM 47 GENBJP 8  7486  7478  5.10  3V.LENINM 58 SCBSP 0  787  787  0.54  4SURESH BABUM 34 GENIND 0  776  776  0.53  5JAYAPRAKASHM 30 SCSDPI 0  476  476  0.32  6S.SARATHM 26 GENIND 0  378  378  0.26  7ADV.P.T.RADHAKRISHNANM 45 GENIND 0  275  275  0.19  8 665  146676 TOTAL: 146011 TURNOUT 84.23CHERTHALA103.ConstituencyTOTAL ELECTORS : 190806 P.THILOTHAMANM 54 GENCPI 696  86193  85497  53.11  1K.R.GOURIAMMAF 91 GENJPSS 363  67878  67515  41.83  2ADV. P.K.BINOYM 44 GENBJP 6  5933  5927  3.66  3K.R.RAJEEVANM 37 SCBSP 0  1185  1185  0.73  4SHAJIMONM 40 GENIND 0  1094  1094  0.67  5 1065  162283 TOTAL: 161218 TURNOUT 85.05ALAPPUZHA104.ConstituencyTOTAL ELECTORS : 173942 DR.T.M.THOMAS ISAACM 58 GENCPM 841  75857  75016  53.71  1ADV.P.J.MATHEWM 60 GENINC 337  59515  59178  42.14  2KOTTARAM UNNIKRISHNANM 51 GENBJP 6  3540  3534  2.51  3Page 184 of 195"
"CANDIDATE NAMESEXAGE CATEGORYPARTYPOSTALTOTALGENERALVALID VOTES POLLEDElection Commission of India- State Election, 2011 to the Legislative Assembly Of  KeralaDETAILED RESULTS% VOTES POLLEDT.M.SAMADM 44 GENSDPI 0  1158  1158  0.82  4SEBASTIANM 32 GENIND 0  646  646  0.46  5C.P.THILAKANM 50 SCBSP 0  527  527  0.37  6 1184  141243 TOTAL: 140059 TURNOUT 81.20AMBALAPUZHA105.ConstituencyTOTAL ELECTORS : 146890 G.SUDHAKARANM 64 GENCPM 549  63728  63179  54.48  1ADV.M.LIJUM 32 GENINC 295  47148  46853  40.31  2P.K.VASUDEVANM 33 GENBJP 3  2668  2665  2.28  3S.H.ALHADHIM 65 GENSDPI 0  1852  1852  1.58  4OMANAKUTTANM 40 SCBSP 0  672  672  0.57  5K.R.SASIM 52 GENSUCI 0  415  415  0.35  6SIVAKUMARM 24 GENIND 0  347  347  0.30  7NAZEER AHAMMEDM 46 GENIND 0  136  136  0.12  8 847  116966 TOTAL: 116119 TURNOUT 79.63KUTTANAD106.ConstituencyTOTAL ELECTORS : 150213 THOMAS CHANDYM 62 GENNCP 99  60010  59911  50.81  1DR.K.C.JOSEPHM 62 GENKEC(M) 150  52039  51889  44.06  2K.SOMANM 47 GENBJP 5  4395  4390  3.72  3SHIBU VADAKKETTOMM 32 GENBSP 1  697  696  0.59  4P.R.SATHEESANM 39 GENSUCI 1  373  372  0.32  5JOSEPHM 41 GENIND 0  361  361  0.31  6ASOK KUMARM 43 GENIND 0  235  235  0.20  7 256  118110 TOTAL: 117854 TURNOUT 78.63HARIPAD107.ConstituencyTOTAL ELECTORS : 171834 RAMESH CHENNITHALAM 54 GENINC 300  67378  67078  50.03  1G.KRISHNAPRASADM 34 GENCPI 336  61858  61522  45.93  2ADV.AJITH SANKARM 42 GENBJP 3  3145  3142  2.34  3RAMESHANM 37 GENIND 0  499  499  0.37  4SOMALAL BABUM 62 GENBSP 0  425  425  0.32  5KRISHNAPRASADM 34 GENIND 1  339  338  0.25  6VENUM 40 GENSDPI 0  327  327  0.24  7K.J.SHEELAF 44 GENSUCI 2  305  303  0.23  8BIJU.JM 36 GENIND 0  233  233  0.17  9N.DIVAKARANM 58 GENIND 0  171  171  0.13  10Page 185 of 195"
"CANDIDATE NAMESEXAGE CATEGORYPARTYPOSTALTOTALGENERALVALID VOTES POLLEDElection Commission of India- State Election, 2011 to the Legislative Assembly Of  KeralaDETAILED RESULTS% VOTES POLLED 642  134680 TOTAL: 134038 TURNOUT 78.38KAYAMKULAM108.ConstituencyTOTAL ELECTORS : 182036 C.K.SADASIVANM 58 GENCPM 363  67409  67046  48.28  1M.MURALIM 57 GENINC 235  66094  65859  47.34  2ADV. T.O.NOUSHADM 40 GENBJP 3  3083  3080  2.21  3K. SADASIVAN,M 53 GENIND 0  744  744  0.53  4MURALIM 52 GENIND 0  704  704  0.50  5AMBUJANM 36 SCBSP 0  602  602  0.43  6SHAL MOHANM 51 GENIND 2  585  583  0.42  7KALESH MANIMANDIRAMM 36 GENIND 0  405  405  0.29  8 603  139626 TOTAL: 139023 TURNOUT 76.70MAVELIKARA  (SC)109.ConstituencyTOTAL ELECTORS : 177789 R. RAJESHM 29 SCCPM 336  65903  65567  49.30  1K.K SHAJUM 48 SCJPSS 178  60754  60576  45.45  2S. GIRIJAF 39 SCBJP 5  4984  4979  3.73  3R.RAJEESHM 29 SCIND 0  1185  1185  0.89  4SUBHASH MANKAMKUZHYM 40 SCBSP 1  860  859  0.64  5 520  133686 TOTAL: 133166 TURNOUT 75.19CHENGANNUR110.ConstituencyTOTAL ELECTORS : 176875 P.C.VISHNUNATHM 33 GENINC 160  65156  64996  51.98  1ADV.C.S.SUJATHAF 45 GENCPM 181  52656  52475  42.01  2B. RADHAKRISHNA MENONM 46 GENBJP 5  6062  6057  4.84  3SURENDRAN KARIPPUZHAM 46 SCIND 0  848  848  0.68  4V.VENUGOPALM 41 GENSUCI 0  623  623  0.50  5 346  125345 TOTAL: 124999 TURNOUT 70.87THIRUVALLA111.ConstituencyTOTAL ELECTORS : 193874 ADV MATHEW T THOMASM 49 GENJD(S) 240  63289  63049  49.97  1VICTOR T THOMASM 50 GENKEC(M) 107  52522  52415  41.47  2RAJAN MOOLAVEETTILM 50 GENBJP 10  7656  7646  6.05  3ADV KURIAN JOSEPHM 50 GENBSP 1  1511  1510  1.19  4RADHAMANI. SF 47 GENSUCI 2  456  454  0.36  5KATHIKAN NIRANAM RAJANM 49 GENIND 0  439  439  0.35  6ADV P K SUKUMARANM 55 SCIND 0  398  398  0.31  7Page 186 of 195"
"CANDIDATE NAMESEXAGE CATEGORYPARTYPOSTALTOTALGENERALVALID VOTES POLLEDElection Commission of India- State Election, 2011 to the Legislative Assembly Of  KeralaDETAILED RESULTS% VOTES POLLEDSAM KUTTY JACOBM 66 GENSDPI 0  371  371  0.29  8 360  126642 TOTAL: 126282 TURNOUT 65.32RANNI112.ConstituencyTOTAL ELECTORS : 175669 RAJU ABRHAMM 49 GENCPM 149  58391  58242  48.51  1PEELIPOSE THOMASM 61 GENINC 87  51777  51690  43.02  2SURESH KADAMBARIM 49 GENBJP 6  7442  7436  6.18  3V D SAJI MONM 35 GENBSP 0  1300  1300  1.08  4ADV. IBRAHIM KUTTTYM 34 GENSDPI 0  905  905  0.75  5S RADHAKRISHNANM 49 GENIND 0  350  350  0.29  6ULAKAN THEVANM 73 SCIND 0  196  196  0.16  7 242  120361 TOTAL: 120119 TURNOUT 68.52ARANMULA113.ConstituencyTOTAL ELECTORS : 207229 ADV.K.SIVADASAN NAIRM 62 GENINC 188  64845  64657  47.69  1K.C.RAJAGOPALANM 67 GENCPM 233  58334  58101  42.90  2ADV. K.HARIDASM 47 GENBJP 13  10227  10214  7.52  3AMRUTHAKUMAR.TM 47 GENBSP 0  721  721  0.53  4NAZURUDHEENM 38 GENSDPI 0  709  709  0.52  5SUGATHAN.RM 34 SCIND 0  387  387  0.28  6D. SIVADASAN ACHARIM 45 GENIND 1  343  342  0.25  7MADHU.GM 25 SCIND 0  206  206  0.15  8ADV. K.V. VARGHESEM 49 GENSLAP 0  134  134  0.10  9PUSHPANGADANM 55 SCIND 1  69  68  0.05  10 436  135975 TOTAL: 135539 TURNOUT 65.62KONNI114.ConstituencyTOTAL ELECTORS : 182384 ADV. ADOOR PRAKASHM 55 GENINC 203  65724  65521  50.15  1M. S. RAJENDRANM 42 GENCPM 300  57950  57650  44.22  2V. S. HARISH CHANDRANM 50 GENBJP 8  5994  5986  4.57  3SINTO STEPHENM 26 GENIND 0  655  655  0.50  4THATTAYIL SARASWATHIF 43 SCIND 0  276  276  0.21  5LEKSHMI R SEKHARF 27 GENSUCI 2  247  245  0.19  6RENJINI C TF 30 SCIND 1  207  206  0.16  7 514  131053 TOTAL: 130539 TURNOUT 71.86ADOOR  (SC)115.ConstituencyTOTAL ELECTORS : 194014 Page 187 of 195"
"CANDIDATE NAMESEXAGE CATEGORYPARTYPOSTALTOTALGENERALVALID VOTES POLLEDElection Commission of India- State Election, 2011 to the Legislative Assembly Of  KeralaDETAILED RESULTS% VOTES POLLEDCHITTAYAM GOPAKUMARM 45 SCCPI 375  63501  63126  47.02  1PANDALAM SUDHAKARANM 55 SCINC 219  62894  62675  46.57  2K.K.SASIM 43 SCBJP 16  6210  6194  4.60  3OLIKKULANGARA SURENDRANM 34 SCIND 0  994  994  0.74  4KODUMON RAMACHANDRANM 61 SCBSP 0  519  519  0.38  5PIRAVANTHOOR SREEDHARANM 56 SCIND 1  462  461  0.34  6REMANANM 35 SCIND 0  315  315  0.23  7ANIL.K.M 32 SCIND 0  162  162  0.12  8 611  135057 TOTAL: 134446 TURNOUT 69.61KARUNAGAPPALLY116.ConstituencyTOTAL ELECTORS : 182508 C. DIVAKARANM 67 GENCPI 597  69086  68489  50.13  1ADV. A. N. RAJANBABUM 62 GENJPSS 246  54564  54318  39.59  2NAZARUDHEEN ELAMARAMM 44 GENSDPI 1  7645  7644  5.55  3MALUMEL SURESHM 43 GENBJP 6  5097  5091  3.70  4P.D. SUDHEERM 31 GENIND 0  868  868  0.63  5TWINKLE PRABHAKARANF 33 GENSUCI 5  547  542  0.40  6 855  137807 TOTAL: 136952 TURNOUT 75.51CHAVARA117.ConstituencyTOTAL ELECTORS : 159655 SHIBU BABY JOHNM 47 GENKRSP 410  65002  64592  51.16  1N.K.PREMACHANDRANM 50 GENRSP 619  58941  58322  46.39  2NALINI SANKARAMANGALAMF 54 GENBJP 0  2026  2026  1.59  3MANIYAN.G.M 38 SCIND 1  567  566  0.45  4V. VARADHARAJANM 59 GENBSP 0  532  532  0.42  5 1030  127068 TOTAL: 126038 TURNOUT 79.59KUNNATHUR  (SC)118.ConstituencyTOTAL ELECTORS : 194463 KOVOOR KUNJUMONM 42 SCRSP 617  71923  71306  49.97  1P.K. RAVIM 40 SCINC 297  59835  59538  41.58  2RAJI PRASADF 28 SCBJP 12  5949  5937  4.13  3THULASEEDHARAN PALLIKKALM 42 SCSDPI 0  2310  2310  1.61  4ADV. VALLIKUNNAM PRASADM 44 SCIND 0  1354  1354  0.94  5PULIKUZHY BALACHANDRANM 52 SCBSP 3  1145  1142  0.80  6SHYLAJA. PF 27 SCIND 0  611  611  0.42  7Page 188 of 195"
"CANDIDATE NAMESEXAGE CATEGORYPARTYPOSTALTOTALGENERALVALID VOTES POLLEDElection Commission of India- State Election, 2011 to the Legislative Assembly Of  KeralaDETAILED RESULTS% VOTES POLLEDRAVIM 42 SCIND 0  525  525  0.36  8V. REMADEVIF 39 SCIND 0  266  266  0.18  9 929  143918 TOTAL: 142989 TURNOUT 74.01KOTTARAKKARA119.ConstituencyTOTAL ELECTORS : 184917 ADV:P.AISHA POTTYF 54 GENCPM 683  74069  73386  53.89  1DR:N.N.MURALIM 58 GENKEC(B) 297  53477  53180  38.91  2VAYAKKAL MADHUM 49 GENBJP 21  6370  6349  4.63  3DHANESHLAL PANAVELYM 55 GENIND 0  1063  1063  0.77  4P.T.PRASANNA KUMARM 40 SCBSP 0  911  911  0.66  5S. SOLOMONM 59 GENIND 0  773  773  0.56  6PRAKASH VM 35 SCIND 0  454  454  0.33  7PRAKASH RM 29 GENIND 0  320  320  0.23  8 1001  137437 TOTAL: 136436 TURNOUT 74.32PATHANAPURAM120.ConstituencyTOTAL ELECTORS : 172946 K.B GANESH KUMARM 45 GENKEC(B) 252  71421  71169  55.64  1K. RAJAGOPALM 59 GENCPM 380  51019  50639  39.74  2R. SUBHASH PATTAZHYM 32 GENBJP 4  2839  2835  2.21  3ANEESH ANTONYM 30 GENIND 0  1613  1613  1.26  4PUNALUR SALIMM 63 GENBSP 0  864  864  0.67  5N. SUNILKUMARM 34 GENIND 1  611  610  0.48  6 637  128367 TOTAL: 127730 TURNOUT 74.22PUNALUR121.ConstituencyTOTAL ELECTORS : 189994 ADV.K.RAJUM 56 GENCPI 290  72648  72358  54.52  1ADV.JOHNSON ABRAHAMM 46 GENINC 152  54643  54491  41.01  2B.RADHAMANIF 54 GENBJP 0  4155  4155  3.12  3S.JAYAKUMARM 39 SCIND 0  699  699  0.52  4KUZHICHAYIL SUNILM 34 GENBSP 0  606  606  0.45  5S.SHAILAJAF 42 GENSUCI 3  494  491  0.37  6 445  133245 TOTAL: 132800 TURNOUT 70.13CHADAYAMANGALAM122.ConstituencyTOTAL ELECTORS : 177610 MULLAKKARA RATNAKARANM 56 GENCPI 476  71231  70755  55.90  1SHAHIDA KAMALF 43 GENINC 241  47607  47366  37.36  2T.C.SAJU KUMARM 44 GENBJP 4  4160  4156  3.26  3Page 189 of 195"
"CANDIDATE NAMESEXAGE CATEGORYPARTYPOSTALTOTALGENERALVALID VOTES POLLEDElection Commission of India- State Election, 2011 to the Legislative Assembly Of  KeralaDETAILED RESULTS% VOTES POLLEDJALEEL KADAKKALM 37 GENSDPI 4  1800  1796  1.41  4SHIBU.K. CHADAYAMANGALAMM 26 SCIND 0  1078  1078  0.85  5KOOTTUKKAL PRASADM 40 GENBSP 1  996  995  0.78  6OYOOR NAZEERM 38 GENIND 0  557  557  0.44  7 726  127429 TOTAL: 126703 TURNOUT 71.75KUNDARA123.ConstituencyTOTAL ELECTORS : 178990 M.A. BABYM 57 GENCPM 646  67135  66489  52.48  1ADV:P.JERMIASM 38 GENINC 416  52342  51926  40.92  2VELLIMON DILEEPM 37 GENBJP 11  5990  5979  4.68  3SANDHYA  PALLIMONF 27 SCIND 1  957  956  0.75  4SUSEELA MOHANF 45 SCBSP 1  947  946  0.74  5ANTONY VINCENTM 50 GENSUCI 0  553  553  0.43  6 1075  127924 TOTAL: 126849 TURNOUT 71.47KOLLAM124.ConstituencyTOTAL ELECTORS : 160475 P.K.GURUDASANM 75 GENCPM 549  57986  57437  50.86  1K.C.RAJANM 64 GENINC 301  49446  49145  43.37  2G.HARI.M 39 GENBJP 8  4207  4199  3.69  3A.A. SHAFIM 67 GENSDPI 2  1168  1166  1.02  4MANGAD THULASEEDHARANM 45 SCBSP 0  507  507  0.44  5SANU.KM 25 SCIND 0  372  372  0.33  6C.N.NARAYANAN NAIRM 49 GENIND 0  191  191  0.17  7V. MOHANANM 52 GENIND 0  141  141  0.12  8 860  114018 TOTAL: 113158 TURNOUT 71.05ERAVIPURAM125.ConstituencyTOTAL ELECTORS : 153575 A.A. AZEEZM 69 GENRSP 380  51271  50891  49.00  1P.K.K. BAVAM 62 GENMUL 172  43259  43087  41.34  2PATTATHANAM BABUM 47 GENBJP 8  5048  5040  4.82  3MYLAKKAD SHAHM 45 GENIND 2  3234  3232  3.09  4SUSHAMA VIJAYANF 53 SCBSP 0  580  580  0.55  5ABDUL AZEEZM 56 GENIND 1  552  551  0.53  6SAIJU V.M 39 GENIND 0  391  391  0.37  7DEEPU. N.M 26 SCIND 1  310  309  0.30  8 564  104645 TOTAL: 104081 TURNOUT 68.14Page 190 of 195"
"CANDIDATE NAMESEXAGE CATEGORYPARTYPOSTALTOTALGENERALVALID VOTES POLLEDElection Commission of India- State Election, 2011 to the Legislative Assembly Of  KeralaDETAILED RESULTS% VOTES POLLEDCHATHANNUR126.ConstituencyTOTAL ELECTORS : 160688 G.S.JAYALALM 39 GENCPI 353  60187  59834  52.66  1ADV: BINDU KRISHNAF 38 GENINC 215  47598  47383  41.64  2ADV:KIZHAKKANELA SUDHAKARANM 49 GENBJP 15  3839  3824  3.36  3A.SASIM 42 SCIND 0  1134  1134  0.99  4JAYALALM 29 GENIND 0  763  763  0.67  5MAILODE SUDHANM 47 SCBSP 0  490  490  0.43  6SASIKUMARM 49 GENSHS 0  287  287  0.25  7 583  114298 TOTAL: 113715 TURNOUT 71.13VARKALA127.ConstituencyTOTAL ELECTORS : 151930 VARKALA KAHARM 60 GENINC 145  57755  57610  52.40  1A.A.RAHIMM 30 GENCPM 180  47045  46865  42.68  2ELAKAMAN SATHEESANM 46 GENBJP 1  3430  3429  3.11  3CHERUNNIYOOR GANESHM 37 GENIND 0  927  927  0.84  4KUNNIL SHAJAHANM 37 GENSDPI 0  795  795  0.72  5ANEESH KUMARM 28 GENIND 0  275  275  0.25  6 326  110227 TOTAL: 109901 TURNOUT 72.55ATTINGAL  (SC)128.ConstituencyTOTAL ELECTORS : 171684 ADVOCATE. B. SATYANM 45 SCCPM 306  63558  63252  55.44  1THANKAMONY DIVAKARANF 54 SCINC 109  33493  33384  29.22  2ATTINGAL SURESHM 42 SCIND 13  7857  7844  6.85  3DR.P.P. VAVAM 66 SCBJP 4  4844  4840  4.23  4V.V.SELVARAJM 28 SCIND 0  1713  1713  1.49  5K. G. SOMANM 55 SCSDPI 0  1561  1561  1.36  6DR.M.CHINNAMMAF 56 SCBSP 0  1235  1235  1.08  7G.ANIRUDHANM 47 SCIND 0  377  377  0.33  8 432  114638 TOTAL: 114206 TURNOUT 66.77CHIRAYINKEEZHU  (SC)129.ConstituencyTOTAL ELECTORS : 169988 V.SASIM 60 SCCPI 181  59601  59420  52.93  1K.VIDYADHARANM 51 SCINC 100  47376  47276  42.07  2AYTHIYOOR SURENDRANM 57 SCIND 1  2078  2077  1.85  3ANIL MANGALAPURAMM 41 SCBSP 0  1414  1414  1.26  4SAJIMON CHELAYAMM 27 SCIND 0  1277  1277  1.13  5Page 191 of 195"
"CANDIDATE NAMESEXAGE CATEGORYPARTYPOSTALTOTALGENERALVALID VOTES POLLEDElection Commission of India- State Election, 2011 to the Legislative Assembly Of  KeralaDETAILED RESULTS% VOTES POLLEDANILKUMAR.BM 41 SCLJP 1  857  856  0.76  6 283  112603 TOTAL: 112320 TURNOUT 66.24NEDUMANGAD130.ConstituencyTOTAL ELECTORS : 175795 PALODE RAVIM 61 GENINC 431  59789  59358  47.87  1ADV.P. RAMACHANDRAN NAIRM 59 GENCPI 509  54759  54250  43.84  2ANJANA.K.SF 40 GENBJP 6  5971  5965  4.78  3ANDOORKONAM SULFIM 36 GENIND 0  1255  1255  1.00  4NOORJAHAN.A.F 39 GENSDPI 0  1200  1200  0.96  5IDAMMA.N.F 50 GENBSP 0  731  731  0.59  6VAZHODE RAVIM 47 GENIND 0  346  346  0.28  7BIJU.A.M 28 SCIND 0  342  342  0.27  8ANAD.G.RAMACHANDRAN NAIRM 64 GENIND 0  277  277  0.22  9SAJIM 35 GENIND 0  237  237  0.19  10 946  124907 TOTAL: 123961 TURNOUT 71.05VAMANAPURAM131.ConstituencyTOTAL ELECTORS : 174408 KOLIAKODE.N. KRISHNAN NAIRM 73 GENCPM 441  57381  56940  46.51  1ADV.C.MOHANACHANDRANM 60 GENINC 273  55145  54872  44.70  2KARETTE SIVAPRASADM 41 GENBJP 1  5228  5227  4.24  3ADV. PIRAPPANKODE SHAJAHANM 40 GENSDPI 0  2225  2225  1.80  4SELEENA PRAKKANAMF 32 GENIND 1  1613  1612  1.31  5SASI R CHERAMANM 41 SCBSP 0  867  867  0.70  6IRINCHAYAM SURESHM 38 GENIND 0  437  437  0.35  7KRISHNAN NAIRM 71 GENIND 0  275  275  0.22  8BHARATHANNOOR BALANM 70 GENIND 0  205  205  0.17  9 716  123376 TOTAL: 122660 TURNOUT 70.74KAZHAKKOOTTAM132.ConstituencyTOTAL ELECTORS : 163199 ADV. M. A. VAHEEDM 61 GENINC 300  50787  50487  46.38  1C  AJAYAKUMARM 55 GENCPM 454  48591  48137  44.38  2ADV. PADMAKUMARM 49 GENBJP 11  7508  7497  6.86  3M WAHIDM 38 GENIND 0  986  986  0.90  4K BHUVANENDRAN CHETTIARM 61 GENBSP 1  678  677  0.62  5Page 192 of 195"
"CANDIDATE NAMESEXAGE CATEGORYPARTYPOSTALTOTALGENERALVALID VOTES POLLEDElection Commission of India- State Election, 2011 to the Legislative Assembly Of  KeralaDETAILED RESULTS% VOTES POLLEDM.A. JALEELM 51 GENSDPI 0  418  418  0.38  6SUDARSHANAN SM 51 SCIND 0  325  325  0.30  7K AJITHKUMARM 30 SCIND 0  205  205  0.19  8 766  109498 TOTAL: 108732 TURNOUT 67.09VATTIYOORKAVU133.ConstituencyTOTAL ELECTORS : 175398 K.MURALIDHARANM 53 GENINC 493  56531  56038  50.19  1CHERIYAN PHILIPM 57 GENIND 490  40364  39874  35.84  2ADV.V.V.RAJESHM 35 GENBJP 40  13494  13454  11.98  3KAITHAKODU RADHAKRISHNANM 62 SCBSP 2  915  913  0.81  4CHERIYAN.P.TM 27 GENIND 0  551  551  0.49  5RAJAN.KM 59 SCIND 0  488  488  0.43  6G.BALAKRISHNAN NAIRM 68 GENKJ 0  294  294  0.26  7 1025  112637 TOTAL: 111612 TURNOUT 64.22THIRUVANANTHAPURAM134.ConstituencyTOTAL ELECTORS : 177442 ADV.V.S.SIVAKUMARM 50 GENINC 198  49122  48924  45.87  1V.SURENDRAN PILLAIM 55 GENKC(AMG) 227  43770  43543  40.87  2B.K.SHEKHARM 51 GENBJP 16  11519  11503  10.76  3ABDU RAZAK. AM 64 GENSDPI 0  807  807  0.75  4P.SURENDRAN PILLAIM 71 GENIND 1  518  517  0.48  5S.SIVAKUMARM 40 GENIND 0  485  485  0.45  6P.S GOPAKUMARM 40 GENSUCI 1  235  234  0.22  7N.SIVAKUMARM 47 GENIND 0  221  221  0.21  8SUNDARAN PILLAIM 54 GENIND 0  207  207  0.19  9C.VASANTHA KUMARIF 55 GENIND 0  110  110  0.10  10GEORGE MANKIDIANM 71 GENIND 0  98  98  0.09  11 443  107092 TOTAL: 106649 TURNOUT 60.35NEMOM135.ConstituencyTOTAL ELECTORS : 172493 V.SIVANKUTTYM 56 GENCPM 336  50076  49740  42.99  1O.RAJAGOPALM 81 GENBJP 121  43661  43540  37.49  2CHARUPARA RAVIM 62 GENSJD 103  20248  20145  17.38  3JAIN WILSONM 51 GENIND 0  964  964  0.83  4O.MAHEENM 48 GENBSP 0  667  667  0.57  5THIRUVALLAM SREEKANTANM 49 SCIND 0  338  338  0.29  6Page 193 of 195"
"CANDIDATE NAMESEXAGE CATEGORYPARTYPOSTALTOTALGENERALVALID VOTES POLLEDElection Commission of India- State Election, 2011 to the Legislative Assembly Of  KeralaDETAILED RESULTS% VOTES POLLEDJ.VIKRAMANM 47 GENDPSP 0  303  303  0.26  7RAMACHANDRANM 48 GENIND 0  217  217  0.19  8 560  116474 TOTAL: 115914 TURNOUT 67.52ARUVIKKARA136.ConstituencyTOTAL ELECTORS : 165638 G. KARTHIKEYENM 62 GENINC 306  56797  56491  48.79  1AMBALATHARA SREEDHARAN NAIRM 71 GENRSP 331  46123  45792  39.62  2SIVANKUTTY . CM 49 GENBJP 6  7694  7688  6.61  3A. BALANM 61 SCBSP 2  1746  1744  1.50  4ADV. POOVATHOOR .S.RAJEEVM 37 GENIND 0  972  972  0.83  5SANIL V OM 31 GENIND 0  913  913  0.78  6R.RAJAPPANM 60 STIND 0  753  753  0.65  7KARAKULAM SATHYAKUMARM 47 GENIND 0  651  651  0.56  8S. SREEKUMARM 36 GENSUCI 1  525  524  0.45  9LATHA B VELLUMANNADIF 30 SCIND 0  244  244  0.21  10 646  116418 TOTAL: 115772 TURNOUT 70.28PARASSALA137.ConstituencyTOTAL ELECTORS : 188442 A.T. GEORGEM 59 GENINC 156  60578  60422  44.80  1ANAVOOR NAGAPPANM 62 GENCPM 356  60073  59717  44.43  2ADV. S. SURESHM 39 GENBJP 9  10310  10301  7.63  3J.SUDHAKARANM 62 SCBSP 0  2269  2269  1.68  4T.K.VISWAMBHARANM 57 GENIND 0  1207  1207  0.89  5OORUTTUKALA ANIKUMARM 38 GENSHS 0  774  774  0.57  6 521  135211 TOTAL: 134690 TURNOUT 71.75KATTAKKADA138.ConstituencyTOTAL ELECTORS : 166306 N SAKTHANM 60 GENINC 307  52368  52061  44.63  1ADV. M.V.JAYADALIF 33 GENIND 338  39452  39114  33.62  2P K KRISHNADASM 47 GENBJP 56  22550  22494  19.22  3VENGODE SUNIL KUMARM 41 GENBSP 1  1303  1302  1.11  4KATTAKKADA RAJANM 36 SCSDPI 1  613  612  0.52  5S SUJITHRAF 26 SCIND 1  586  585  0.50  6MALAYINKEEZH RAJESHM 57 GENIND 0  475  475  0.40  7 704  117347 TOTAL: 116643 TURNOUT 70.56Page 194 of 195"
"CANDIDATE NAMESEXAGE CATEGORYPARTYPOSTALTOTALGENERALVALID VOTES POLLEDElection Commission of India- State Election, 2011 to the Legislative Assembly Of  KeralaDETAILED RESULTS% VOTES POLLEDKOVALAM139.ConstituencyTOTAL ELECTORS : 183616 JAMEELA PRAKASAMF 53 GENJD(S) 364  59510  59146  47.60  1ADV.GEORGE MERCIERM 58 GENINC 282  52305  52023  41.84  2VENGANOOR SATHEESHM 47 GENBJP 13  9127  9114  7.30  3THANKA BAI.T.F 70 GENIND 0  1231  1231  0.98  4A.M. NIZAMM 40 GENSDPI 0  1193  1193  0.95  5MURALEEDHARANM 42 SCBSP 0  1157  1157  0.93  6VAZHAMUTTOM RAJENDRANM 55 GENDPSP 0  485  485  0.39  7 659  125008 TOTAL: 124349 TURNOUT 68.08NEYYATTINKARA140.ConstituencyTOTAL ELECTORS : 157851 R SELVARAJM 62 GENCPM 483  54711  54228  48.98  1THAMPANOOR RAVIM 61 GENINC 318  48009  47691  42.98  2ATHIYANNOOR SREEKUMARM 48 GENBJP 7  6730  6723  6.03  3KOVILLOOR.A.BABUM 52 GENBSP 1  1168  1167  1.05  4MOHANANM 55 GENIND 0  557  557  0.50  5MANALOOR.B.VASANTHAF 58 SCIND 1  523  522  0.47  6 810  111698 TOTAL: 110888 TURNOUT 70.76 75769  17461779 GRAND TOTAL: 17386010 
Page 195 of 195"
